,2524,70017437,70017459,70017470,70017496,70017505,70017539,70017600,70018486,70019302,70019304,70019305,70019306,70019307,70019313,70019315,70019322,70019327,70019328,70019375,70019381,70019384,70019391,70019392,70019395,70019399,70019407,70019410,70019414,70019420,70019425,70019426,70019429,70019455,70019459,70019470,70019475,70019476,70019480,70019482,70019495,70019508,70019519,70019525,70019527,70019529,70019539,70019549,70019554,70019576,70029285,70029798,70030492,70030496,70030499,70030840,70031292,70033204,70033231,70034005,70042197,70042874,70043035,70043250,70043420,70081032,70081671,70082414,70083097,70083842,70084418,70084927,70084983,70126798,70130197,70130674,70130675,70132480,70132663,70132664,70132665,70133553,70133556,70137842,70138438,70152945,70155195,70155196,70155782,70157031,70224396,70224398,70225154,70225158,70238808,70238985,70246377,70248476,70248511,70286191,70286419,70288587,70337217,70337656,70337705,70343296,70343297,70343299,70347238,70351585,70351598,70361410,70362005,70362055,70373907,70374983,70375866,70382544,70382797,70390789,70390799,70391025,70391033,70395155,70396487,70396492,70398370,70398392,70398393,70400253,70401488,70405783,70405785,70408272,70408277,70408280,70412170,70419671,70422303,70423734,70423736,70428043,70430210,70430246,70433907,70435202,70450886,70464173,70464520,70464553,70465560,70484079,70490239,70490240,70494781,70494784,70494785,70494786,70494788,70494791,70521396,70521405,70525152,70535012,70544149,70548634,70574708,70584255,70587572
2524,0.0,40058.9,31888.2,34033.9,33800.8,32311.7,38997.1,45808.4,43012.0,30235.2,59802.1,59804.6,24563.9,16068.1,48245.9,34257.2,46019.0,56752.8,27077.3,46091.1,47952.1,36216.8,35755.1,33174.3,31418.1,20870.5,17866.7,45872.0,32143.6,25893.2,40727.0,41553.3,26489.6,18043.9,28397.5,41754.4,39584.0,46562.3,42570.0,47769.1,40498.4,34368.0,41142.5,43562.0,15915.6,56892.1,55106.1,41176.9,48787.7,48091.9,25853.0,57446.9,45451.4,35664.2,61405.1,47471.1,29171.1,24713.2,38136.7,26535.7,42416.2,21558.3,16341.1,32759.4,35057.1,27589.0,40573.4,29189.5,37089.6,31929.3,40796.1,39198.0,41528.4,38473.7,30784.5,44709.5,35152.1,37308.0,54119.4,27828.6,49302.1,32978.1,46115.2,24126.5,44991.4,31551.8,16209.5,23887.7,29488.9,44657.2,40820.2,40556.1,23221.3,31521.6,24641.9,37837.4,40869.1,66451.8,33028.1,47041.5,46093.6,46067.5,49093.8,45808.2,45377.2,34565.5,28134.7,47872.6,42456.0,45415.5,31462.8,39425.1,49965.5,39934.0,35399.9,47083.7,48068.9,41848.1,32577.6,19811.0,36354.4,16331.7,52798.2,33558.8,47665.1,46640.2,37134.9,40096.5,51307.2,33587.0,32262.1,53608.0,29130.4,49463.7,48258.7,34640.5,46329.9,16338.0,49761.8,30637.1,32723.3,27573.2,30409.7,29186.4,29605.3,31564.9,61258.8,30639.4,33914.7,54894.1,39761.1,48259.1,26383.1,34635.5,51995.2,51370.8,41047.7,39335.7,50603.6,36579.8,56507.3,24151.4,44800.5,34703.6,25838.1,44623.6,31749.7,32464.8,38469.2
70017437,40244.6,0.0,9942.5,9609.8,12057.7,9866.2,4937.7,8848.9,5000.9,25692.2,19301.3,19303.8,52624.8,25915.3,8448.0,6314.2,9059.5,16252.0,18680.8,9131.6,10992.6,4802.6,3675.6,9715.4,10979.8,42721.6,33524.3,8912.5,12344.9,26136.5,12485.8,18163.9,46881.6,45300.0,30521.8,3743.3,14855.8,9602.8,36433.2,10809.6,6071.2,12625.0,3909.1,5550.8,51883.7,16391.3,14605.3,8266.8,11828.2,8294.0,29186.6,31899.8,18238.1,29527.4,23951.2,10259.1,12736.4,52774.2,5325.3,29031.0,11056.7,21762.7,52309.2,28216.4,5611.5,14464.0,6122.5,12944.3,69343.4,8643.0,12554.9,1912.6,18139.1,1773.7,50173.8,7750.0,6565.2,6081.4,16665.6,30284.1,25912.8,9354.3,9155.7,17099.3,11327.0,10232.3,26056.8,16963.2,13243.7,7697.7,8927.7,8663.7,23425.7,49459.0,21839.7,2491.4,12321.6,39238.5,61089.0,9587.6,18880.4,18854.3,12134.3,5404.7,18164.0,8244.6,32161.4,8074.8,11096.5,8456.0,9974.5,2583.2,13006.0,1930.4,5630.2,10124.2,11109.4,35711.3,9511.9,35468.7,5072.5,25179.6,15344.3,7833.4,7867.3,9680.7,3053.3,6037.0,13448.7,8330.4,8427.5,16154.1,65098.6,12504.2,24869.4,5780.0,9370.4,25185.9,12802.3,10283.5,14640.1,13661.8,13147.5,12941.2,13360.1,8379.7,23804.9,11716.4,9780.2,17440.2,33624.3,11299.6,22502.8,5775.0,11047.0,13916.9,8396.0,7443.2,13644.1,5029.4,19053.4,17345.0,17587.3,14350.1,33131.4,17410.3,11396.1,10630.6,44126.6
70017459,32886.0,6850.7,0.0,1992.9,3022.8,525.2,9954.0,16765.2,13968.9,17892.4,29026.9,29029.4,45266.2,18087.6,17470.7,5214.0,16975.8,25977.6,10881.0,17048.0,18908.9,7173.6,4830.4,5673.7,1464.0,34921.7,26165.8,16828.9,4545.1,18336.7,17502.1,23180.2,39081.8,37941.5,22722.0,12711.3,19872.1,17519.1,28633.3,18725.9,13987.6,3590.1,12099.3,14518.8,44525.2,26116.9,24330.9,14280.6,19744.5,17316.7,21386.8,36916.1,23254.4,21727.5,32361.9,16695.9,10527.0,45415.6,7361.5,21231.2,16073.0,14392.8,44950.7,20416.6,3016.1,8555.2,9798.1,5116.6,61984.9,2776.0,17571.2,10154.8,23155.4,6345.7,42374.0,15666.3,6108.9,11260.9,25076.3,22484.3,30929.1,8329.3,17072.0,9729.5,17849.3,393.8,18229.1,9593.3,5416.0,15614.0,13944.0,13679.9,16055.8,41659.2,14039.9,8794.2,17337.9,44254.8,53730.4,17998.3,23896.7,23870.6,20050.6,15032.9,23180.3,2524.5,24361.6,17097.4,16112.8,16372.3,1508.6,10382.0,20922.3,5921.5,2805.9,18040.5,19025.7,27911.5,7928.7,28110.1,7311.2,17351.9,23755.0,6148.3,16889.9,17597.0,8091.7,11053.3,20532.0,5704.7,2302.0,24564.8,57740.0,20420.5,29885.6,1873.0,17286.7,17358.2,20718.7,2483.7,6840.3,8539.5,10938.2,5113.5,5532.4,1937.7,32215.6,6545.4,1278.2,25850.9,25824.4,19215.9,14703.0,1868.0,21220.0,22327.6,14151.4,12459.5,21560.5,7536.6,27464.1,10585.0,22603.5,6188.6,25331.6,22426.6,3596.3,1686.8,36326.8
70017470,34179.1,6379.8,1569.2,0.0,2946.7,1522.7,8831.2,15642.4,12846.1,18328.2,28952.1,28954.6,46559.2,21156.0,15736.0,4091.3,15853.1,25902.7,12643.5,15925.2,17786.1,6050.9,3707.6,6000.8,3060.9,35357.6,27458.8,15706.1,6307.6,18772.5,16379.3,22057.5,39517.6,39234.5,23157.8,11588.5,18749.4,16396.3,29069.2,17603.2,12864.8,3513.9,10976.6,13396.0,45818.2,26042.0,24256.1,13157.9,18621.8,15582.0,21822.6,35793.3,22131.7,22163.3,31239.1,16621.1,9404.3,46708.6,7286.6,21667.0,14950.2,15685.8,46243.7,20852.4,1893.4,10317.8,9723.3,6879.1,63277.9,2740.5,16448.4,9032.1,22032.6,5222.9,42809.8,14543.6,4986.1,10138.2,23953.5,22920.1,29806.3,7206.5,15949.3,11022.5,16726.6,1858.9,21297.5,10886.3,7178.6,14491.3,12821.2,12557.2,17348.8,42095.0,15802.4,7671.5,16215.2,43132.1,55023.4,16875.6,22773.9,22747.8,18927.8,14958.1,22057.5,1401.7,24797.4,15362.7,14990.1,15249.6,3105.5,9259.2,19799.6,5450.5,1987.2,16917.7,17903.0,28347.3,6806.0,29403.1,6188.5,20420.3,22632.3,5025.5,15155.2,16474.2,6969.0,9930.5,20457.1,4581.9,2266.5,23442.0,59033.0,19297.8,28762.9,1227.8,16164.0,20426.6,19595.9,4246.2,7275.5,10302.0,9815.5,6876.1,7294.9,3541.3,31092.8,7587.1,502.0,24728.1,26260.3,18093.2,16316.3,1222.8,21145.2,21204.8,13028.7,11336.8,20437.7,6413.9,26341.4,11878.0,21480.8,6112.5,25767.4,21303.9,5193.8,1519.5,36762.6
70017496,34583.0,9615.1,3102.5,3840.2,0.0,3288.0,11801.3,18612.5,13384.8,15861.0,28118.3,28120.7,46963.2,21560.0,16562.0,7061.3,18823.1,25068.9,10545.7,18895.3,20756.2,9021.0,6677.7,8970.9,5410.0,32890.4,27862.8,18676.2,4779.6,16305.4,19349.4,25027.5,37050.5,39638.5,20690.7,12127.2,21719.4,19366.4,26602.0,20573.2,15834.9,1046.8,13946.6,13934.7,46222.2,25208.2,23422.2,16127.9,21591.8,16408.0,19355.5,38763.4,25101.7,19696.2,33207.8,15787.2,12374.4,47112.6,5919.3,19199.9,17920.3,16089.8,46647.7,18385.3,4863.4,10721.8,8919.4,6991.4,63681.9,4933.3,19418.5,12002.1,25002.7,8721.1,40342.7,17513.6,7956.2,13108.3,25922.2,20453.0,32776.4,10176.6,18919.4,11426.5,19696.6,3392.3,21701.5,11290.3,6514.0,17461.3,15791.3,15527.3,17752.8,39627.9,13704.6,9764.1,19185.2,46102.1,55427.4,18844.2,25744.0,25717.9,21897.9,14124.3,25027.6,4371.8,22330.3,16188.8,17960.1,18219.6,5454.6,12229.3,22769.6,8248.1,5206.2,19887.8,20873.1,25880.1,9776.1,23242.0,9158.6,20824.3,24600.9,7995.6,15981.2,19444.3,9939.1,12900.6,19623.3,7552.0,4459.3,25410.7,59437.0,22267.8,31733.0,4446.8,19134.0,20830.6,22566.0,4650.2,4808.3,10706.0,12785.5,6988.3,6478.1,5242.1,33061.5,8711.9,3721.0,26696.8,23793.1,21063.2,13849.2,4441.8,20311.4,23173.5,15998.8,14306.8,23407.8,9383.9,28310.0,12282.0,24450.9,3645.3,23300.3,24273.9,2726.7,2446.4,34295.5
70017505,32663.7,6933.7,189.3,2075.8,3227.9,0.0,10036.9,16848.1,14051.8,18109.4,29232.0,29234.5,45043.8,19640.6,16941.6,5296.9,17058.7,26182.6,11098.1,17130.9,18991.8,7256.5,4913.3,5347.2,1681.0,35138.8,25943.4,16911.8,4762.2,18553.8,17585.0,23263.1,39298.9,37719.1,22939.0,12794.2,19955.0,17602.0,28850.4,18808.8,14070.5,3795.2,12182.2,14601.7,44302.8,26321.9,24536.0,14363.5,19827.4,16787.7,21603.9,36999.0,23337.3,21944.6,32444.8,16901.0,10609.9,45193.2,7566.6,21448.3,16155.9,14170.4,44728.3,20633.7,3099.0,8772.3,10003.2,5333.7,61762.5,1940.4,17654.1,10237.7,23238.3,6428.6,42591.0,15749.2,6191.8,11343.8,25159.2,22701.4,31012.0,8412.2,17154.9,9507.1,17932.2,479.1,19782.1,9370.9,5633.1,15696.9,14026.9,13762.8,15833.4,41876.3,14257.0,8877.1,17420.8,44337.7,53508.0,18081.2,23979.6,23953.5,20133.5,15238.0,23263.2,2607.4,24578.7,16568.4,16195.7,16455.2,1725.7,10464.9,21005.2,6004.4,2888.9,18123.4,19108.7,28128.5,8011.6,27887.7,7394.1,18904.9,23837.9,6231.2,16360.9,17679.9,8174.6,11136.2,20737.1,5787.6,1975.5,24647.7,57517.6,20503.4,29968.5,1955.9,17369.6,18911.2,20801.6,2700.8,7057.4,8756.6,11021.1,5330.6,5749.5,1715.3,32298.5,6762.5,1361.1,25933.8,26041.5,19298.8,14920.1,1950.9,21425.1,22410.5,14234.3,12542.4,21643.4,7619.5,27547.0,10362.6,22686.4,6393.7,25548.7,22509.5,3813.3,1891.9,36543.9
70017539,39807.2,4664.5,9505.1,9172.3,11620.3,9428.8,0.0,9864.0,7067.7,25254.7,20810.8,20813.3,52187.3,25477.9,9957.6,5876.8,10074.6,17761.5,18243.4,10146.8,12007.7,4674.4,5826.3,7678.4,10542.3,42284.1,33086.9,9927.7,11907.5,25699.1,8833.4,14511.5,46444.2,44862.6,30084.4,5810.1,11203.4,10617.9,35995.7,11824.7,4938.0,12187.6,5198.1,7617.6,51446.3,17900.8,16114.8,5611.9,12843.3,9803.6,28749.2,28247.4,14585.7,29089.9,25460.7,11768.6,10699.4,52336.7,10559.8,28593.6,7404.3,21325.2,51871.8,27779.0,8298.8,12427.0,10995.0,12506.8,68906.0,8205.6,8902.5,3252.8,14486.7,5169.7,49736.4,8765.1,6127.8,2711.6,18175.1,29846.7,22260.4,7317.3,10170.8,16661.9,9180.6,9794.8,25619.3,16525.7,12806.3,8712.8,5275.3,5011.3,22988.2,49021.6,21402.3,4533.4,8669.2,35586.1,60651.5,11097.1,15228.0,15201.9,13149.4,8187.8,14511.6,7807.2,31724.0,9584.3,7444.1,9471.1,9537.1,3479.9,14021.1,5642.7,8510.2,11139.3,12124.6,35273.8,9074.5,35031.2,4635.0,24742.1,16853.8,7395.9,9376.8,10695.8,3830.9,2384.6,15950.9,7893.0,7990.0,17663.6,64661.1,13519.3,21217.0,10068.6,10385.5,24748.5,13817.5,9846.1,14202.7,11624.7,11110.5,12503.8,12922.6,7942.2,25314.4,10487.2,9342.8,18949.7,33186.8,12314.7,22065.4,10063.6,12556.6,15426.4,5482.8,3790.8,14659.3,3005.0,20562.9,16907.5,13934.9,13912.6,32694.0,13757.9,10958.7,10193.2,43689.2
70017600,46537.9,9167.8,16235.8,15903.0,18351.0,16159.5,8510.7,0.0,3700.7,31985.5,15493.4,15495.8,58918.1,32208.6,10392.2,12607.5,932.4,16558.0,24974.1,1004.5,4570.5,11405.1,12557.0,13600.7,17273.0,49014.8,39817.6,785.4,18638.2,32429.8,9917.3,15605.4,53174.9,51593.3,36815.1,5042.4,12287.3,1475.7,42726.4,5878.3,5262.7,18918.3,5469.7,4934.4,58177.0,17065.5,15395.8,3884.0,3311.6,10238.2,35479.9,30985.0,15669.6,35820.6,12903.2,12203.2,16621.7,59067.4,12200.8,35324.3,8488.2,28055.9,58602.5,34509.7,15029.5,18349.3,11429.5,19237.5,75636.7,14936.3,9986.4,8038.5,15580.5,11900.4,56467.1,4065.9,12858.5,8923.2,5441.0,36577.4,23354.2,13064.8,5205.4,23392.6,5894.2,16525.5,32350.0,23256.4,19537.0,2658.6,8630.1,8866.7,29718.9,55752.3,28133.0,11264.1,9753.1,38323.8,67382.3,10734.7,16311.9,16285.8,7166.6,8622.5,15595.5,14537.9,38454.7,10019.0,8528.0,4505.6,16267.8,7817.9,4967.8,12373.4,15240.9,1275.3,6141.7,42004.6,14382.2,41761.9,11365.8,31472.9,6172.3,12895.3,9811.4,831.8,10561.6,9082.3,13287.8,13132.2,14720.8,10848.6,71391.9,7536.5,22310.8,16799.3,2658.8,31479.2,8852.0,16576.8,20933.4,17547.1,17032.9,19234.5,19653.3,14672.9,12580.3,16409.5,16073.5,12134.7,39917.5,2450.7,28796.1,16794.3,12991.2,10592.9,4013.2,8647.4,5605.9,11631.9,7828.8,23638.2,15018.8,20643.3,39424.7,15953.5,17689.4,16923.9,50419.9
70018486,44116.0,5708.6,13813.9,13481.2,14036.3,13737.6,7533.9,3434.4,0.0,29563.6,17981.4,17983.9,56496.2,29786.7,7128.1,10185.6,3645.0,14932.1,22552.2,3717.2,7031.2,8983.2,10135.1,12624.0,14851.1,46593.0,37395.7,3498.1,16216.3,30007.9,11388.6,17076.7,50753.0,49171.4,34393.2,1778.4,13758.7,4188.3,40304.6,6848.2,4286.0,16496.4,2205.6,1670.4,55755.1,15071.4,13285.4,4305.4,7866.8,6974.2,33058.0,30802.6,17141.0,33398.8,16337.6,8939.2,15644.9,56645.6,8936.8,32902.4,9959.5,25634.0,56180.6,32087.8,12607.6,17372.6,8165.4,16815.7,73214.8,12514.4,11457.7,5617.8,17051.8,9478.5,54045.2,3788.6,10436.6,7946.5,8875.3,34155.5,24825.6,12088.1,5816.8,20970.7,7365.6,14103.7,29928.2,20834.5,17115.1,3270.0,9155.2,8891.1,27297.1,53330.4,25711.1,8842.2,11224.5,38141.4,64960.4,8267.7,17783.2,17757.1,8172.8,5358.4,17066.8,12116.0,36032.8,6754.9,9999.4,5117.0,13845.9,5396.0,9044.6,9123.2,12819.0,4709.7,7148.0,39582.7,13405.4,39340.0,8943.9,29051.0,12631.8,11918.5,6547.4,4266.2,8139.7,8105.6,13121.5,12155.5,12298.9,13441.5,68970.0,8542.8,23782.1,14377.4,5409.0,29057.3,9463.4,14154.9,18511.5,16570.3,16056.1,16812.6,17231.5,12251.0,16014.6,15432.8,13651.6,14727.6,37495.7,5885.1,26374.2,14372.4,9727.1,11204.3,4434.6,7670.7,9682.7,9210.0,11263.2,21216.4,16490.1,18221.4,37002.8,16959.8,15267.5,14502.0,47998.0
70019302,29998.3,26397.0,17603.3,18341.0,15705.1,17788.7,24784.4,31595.6,28799.3,0.0,40239.2,40241.7,27728.0,14342.6,31815.4,20044.5,31806.3,37189.9,7638.7,31878.4,33739.4,22004.1,21542.3,20222.8,17215.3,18417.5,12502.9,31659.3,14096.5,4855.0,33084.8,33911.0,22577.5,20738.7,6217.7,27541.7,31941.7,32349.5,13577.9,33556.4,27761.6,15547.6,26929.8,29349.2,41637.4,37329.1,35543.2,28440.1,34575.0,31661.4,4882.5,49804.6,37809.1,6680.0,47192.4,30432.9,19190.9,27877.4,21172.7,4726.9,30212.4,12887.1,42062.9,3912.3,19364.2,17544.4,24064.3,15383.4,44488.3,17716.6,33153.9,24985.3,33886.2,24261.0,26872.3,30496.8,20939.4,24571.2,39906.7,5980.0,41659.9,20241.4,31902.5,15571.2,30023.3,17349.0,14104.7,15517.4,14906.0,30444.5,28083.4,27819.4,14550.1,26603.7,8202.4,23624.7,33226.9,58809.5,36233.9,32828.8,38451.4,38425.3,34881.0,29377.7,37735.0,18872.6,7136.7,31442.1,30252.3,31202.8,17259.9,25212.4,35752.8,23501.5,19707.0,32871.0,33856.2,12864.0,19840.8,10667.9,22141.7,15276.7,38585.5,21594.0,31234.6,32427.5,22922.2,25883.8,31744.3,20635.5,18049.4,39395.2,38750.4,35251.0,40616.4,18947.6,32117.2,15283.0,35549.1,16093.9,11556.9,16742.2,19602.1,15380.4,14870.1,17352.2,47046.0,17687.9,18221.8,40681.3,10769.0,34046.4,4898.3,18942.6,32432.3,37158.0,28310.9,26598.9,36390.9,22367.1,42294.6,16509.1,37158.3,14544.6,8827.3,36981.3,13862.4,16947.2,21271.3
70019304,61272.7,20093.0,29796.6,30534.3,30197.8,29982.0,21769.8,18437.4,18988.7,40993.7,0.0,2.5,73652.9,48249.7,13097.8,24446.0,19369.8,4052.3,39735.7,19441.9,24561.1,23243.6,24395.5,27877.7,32098.2,58023.1,54552.5,19222.8,33399.8,41438.1,28918.5,34606.6,62183.2,66328.2,45823.3,17731.1,31288.6,19913.0,51734.7,24378.1,21645.1,30765.0,17896.9,16410.2,72911.9,4559.8,5810.1,21835.3,20842.0,12943.8,44488.2,48332.5,34670.9,44828.9,16208.5,15535.8,31177.3,73802.3,20907.8,44332.6,27489.4,42779.5,73337.4,43518.0,26868.0,37410.0,19776.2,33971.3,90371.6,26774.8,28987.6,19878.2,34581.7,24117.8,65475.3,21318.5,24697.0,22913.6,13703.4,45585.7,42355.5,28044.2,17196.4,38116.2,24895.5,30086.3,48391.2,37980.0,34562.1,18271.9,25759.8,25495.8,44442.5,64760.6,42894.6,25160.7,28754.4,55671.3,82117.1,12587.8,35313.1,35287.0,25702.8,15087.7,34596.7,26376.4,47463.0,12871.9,27529.3,16496.6,32142.8,19656.4,19415.2,23644.8,25172.3,17832.0,24677.9,51012.8,27643.7,56496.8,23204.3,47514.0,12382.1,25965.1,13590.0,17605.6,22400.1,22869.1,9659.0,26462.2,26559.2,6370.1,86126.7,26072.7,41312.0,28866.3,20189.2,47520.3,8345.1,31338.4,34526.6,32102.7,31588.5,33968.3,34702.5,26511.4,17331.9,29848.1,30415.1,6254.2,48925.8,16561.8,43557.7,28871.3,10676.1,10968.7,21964.5,24275.3,20896.9,23470.4,16091.3,38971.7,34020.0,33363.5,48433.0,34489.7,32451.0,28804.6,59428.2
70019305,61270.3,20090.6,29794.1,30531.8,30195.3,29979.5,21767.3,18434.9,18986.3,40991.3,1393.7,0.0,73650.4,48247.2,13095.4,24443.5,19367.3,4049.9,39733.3,19439.4,24558.6,23241.1,24393.0,27875.2,32095.7,58020.6,54550.0,19220.3,33397.4,41435.6,28916.0,34604.1,62180.7,66325.7,45820.9,17728.7,31286.1,19910.5,51732.3,24375.6,21642.6,30762.5,17894.4,16407.8,72909.4,4557.3,5807.7,21832.8,20839.5,12941.4,44485.7,48330.0,34668.4,44826.4,16206.1,15533.3,31174.9,73799.8,20905.3,44330.1,27487.0,42777.0,73334.9,43515.5,26865.5,37407.5,19773.7,33968.9,90369.1,26772.3,28985.2,19875.7,34579.3,24115.3,65472.9,21316.0,24694.5,22911.1,13700.9,45583.2,42353.0,28041.8,17193.9,38113.7,24893.0,30083.8,48388.7,37977.5,34559.6,18269.4,25757.4,25493.3,44440.0,64758.1,42892.1,25158.2,28751.9,55668.8,82114.6,12585.4,35310.7,35284.5,25700.3,15085.3,34594.3,26373.9,47460.5,12869.4,27526.8,16494.2,32140.4,19653.9,19412.7,23642.3,25169.8,17829.6,24675.5,51010.4,27641.2,56494.3,23201.8,47511.5,12379.7,25962.7,13587.5,17603.1,22397.6,22866.7,9656.5,26459.7,26556.8,6367.7,86124.3,26070.2,41309.5,28863.8,20186.7,47517.8,8342.6,31335.9,34524.1,32100.2,31586.0,33965.8,34700.0,26508.9,17329.4,29845.6,30412.6,6251.7,48923.3,16559.4,43555.3,28868.8,10673.6,10966.2,21962.0,24272.9,20894.4,23467.9,16088.8,38969.2,34017.5,33361.1,48430.5,34487.3,32448.5,28802.1,59425.7
70019306,24593.4,53308.7,45138.0,47283.8,47050.6,45561.6,52247.0,59058.2,56261.9,27906.3,73052.0,73054.5,0.0,29317.9,61495.7,47507.0,59268.8,70002.6,40327.2,59341.0,61201.9,49466.7,49004.9,46424.2,44667.9,10989.9,21986.7,59121.9,45393.4,27373.5,53976.8,54803.1,17204.3,10426.8,22628.1,55004.3,52833.8,59812.1,38640.2,61018.9,53748.2,47617.9,54392.3,56811.8,10681.9,70141.9,68356.0,54426.7,62037.5,61341.7,22983.6,70696.7,58701.2,30764.8,74654.9,60721.0,42421.0,149.4,51386.6,23666.2,55666.0,34808.2,11107.4,24601.4,48307.0,40838.8,53823.2,42439.3,17077.4,45179.2,54046.0,52447.8,54778.2,51723.6,22913.2,57959.3,48401.9,50557.8,67369.3,22059.2,62552.0,46228.0,59365.1,37376.4,58241.3,44801.7,29459.4,37137.5,42738.8,57907.0,54070.0,53806.0,36471.2,23650.3,34588.2,51087.2,54118.9,79701.6,8823.0,60291.3,59343.5,59317.4,62343.6,59058.0,58627.1,47815.3,25265.3,61122.5,55705.9,58665.3,44712.6,52675.0,63215.3,53183.8,48649.7,60333.5,61318.8,39332.7,45827.4,20890.2,49604.3,29581.5,66048.0,46808.7,60915.0,59890.0,50384.8,53346.3,64557.1,46836.9,45511.9,66857.8,11339.5,62713.5,61508.5,47890.3,59579.7,29587.8,63011.7,43886.9,37878.0,40823.1,43659.5,42436.3,42855.1,44814.8,74508.6,43889.2,47164.6,68143.9,24679.2,61508.9,31219.4,47885.3,65245.1,64620.6,54297.5,52585.5,63853.5,49829.6,69757.1,37401.2,58050.4,47953.5,20068.8,57873.4,44999.5,45714.6,30597.9
70019307,16478.8,27242.6,18521.8,19747.4,19514.3,18025.2,25630.0,32441.2,29644.9,14900.2,45515.7,45518.2,28859.0,0.0,33959.4,20890.0,32651.8,42466.3,13731.8,32724.0,34584.9,22849.7,22387.9,19828.8,18051.7,24360.8,9758.5,32504.9,18798.0,10558.2,27381.4,28207.7,29979.9,21534.2,19729.8,28387.3,26238.4,33195.1,27235.0,34402.0,27152.8,20081.6,27775.4,30194.8,28117.9,42605.6,40819.6,27831.3,35420.6,33805.4,18394.6,44101.3,32105.8,20329.2,48037.9,33184.6,15825.6,29008.3,23850.2,18239.0,29070.6,8212.8,28543.4,17424.4,20504.3,14243.4,26286.9,15843.9,45577.6,18562.2,27450.6,25830.8,28182.8,25106.6,34274.8,31342.4,21784.9,23962.4,40752.3,19492.1,35956.6,19632.6,32748.1,10781.0,31645.9,18185.4,768.8,10542.1,16143.4,31290.0,27474.6,27210.6,9875.8,35011.9,9306.9,24470.3,27523.5,53106.2,37323.2,33674.3,32748.1,32722.0,35726.6,31521.7,32031.7,20012.6,20648.8,33586.2,29110.5,32048.4,18096.3,26058.0,36598.4,25647.5,21113.4,33716.5,34701.8,26513.1,19232.0,11702.8,22987.3,2611.3,39431.1,20213.3,33378.6,33273.0,23767.8,24911.0,37020.7,20241.4,18895.0,40240.8,41332.8,36096.6,34913.1,20354.0,32962.8,2617.6,36394.7,17270.0,19066.6,14227.7,17064.1,15840.8,16259.7,18197.8,47891.6,17293.8,19628.2,41526.9,24426.1,34892.0,11048.1,20349.0,37708.8,38003.6,27702.1,25990.1,37236.5,23212.6,43140.2,10805.8,31454.9,21336.5,17730.0,31278.0,18382.5,18178.3,34928.5
70019313,48498.9,8538.6,17022.7,16187.0,17423.9,17208.1,10215.3,10793.4,7434.3,30576.1,12253.9,12256.4,60879.1,35475.9,0.0,12891.5,11004.0,9204.5,25258.1,11076.2,14390.2,11689.1,12841.0,16323.2,17557.0,56380.9,41778.6,10857.1,18922.2,31020.4,17763.4,23441.6,51765.5,53554.3,35405.7,6176.7,20133.5,11547.3,41317.1,14207.2,10090.6,17991.2,6342.4,4855.8,60138.0,9343.8,7557.9,11664.5,15225.8,435.5,34070.5,37177.4,23515.8,34411.3,20497.2,2853.9,19622.9,61028.4,10006.5,33914.9,16334.3,30005.6,60563.5,33100.3,15313.5,24636.1,7000.0,21197.5,77597.7,15220.3,17832.6,8323.7,23416.7,11332.1,55057.7,11147.6,13142.5,11359.1,13211.6,35168.0,31190.5,16489.8,9258.1,25342.3,14724.6,17312.5,35617.3,25206.1,21788.2,6822.9,14205.4,13941.3,31668.6,54342.9,28417.0,11548.1,17599.3,44516.2,69343.3,4181.7,24158.1,24131.9,15531.9,3533.3,23441.7,14821.9,37045.3,1318.9,16374.2,8558.4,16551.8,8101.9,16403.6,10859.1,14271.1,12068.7,14507.1,40595.2,16089.2,43722.9,11649.8,34740.1,11890.3,14410.7,2006.3,11625.2,10845.6,11314.7,7036.3,14907.7,15004.8,12700.1,73352.9,15901.8,30147.0,16092.4,12768.0,34746.4,9291.3,16860.8,21752.7,20548.2,20034.0,21194.4,21928.6,14956.9,20350.9,18293.6,16357.5,8969.7,38508.2,13008.1,29080.1,16097.4,3641.9,10462.9,11793.6,12720.9,17041.8,11915.9,15599.5,26197.9,22864.9,20589.7,38015.3,22688.0,17973.4,16030.7,49010.5
70019315,35646.4,7174.2,5344.3,5011.5,7459.5,5268.0,5561.7,12372.9,9576.6,21094.0,23319.7,23322.2,48026.6,21317.1,12466.4,0.0,12583.5,20270.4,14082.6,12655.6,14516.6,2781.3,3684.4,4528.4,6381.5,38123.3,28926.1,12436.5,7746.7,21538.3,13109.7,18787.9,42283.4,40701.8,25923.6,8319.0,15479.8,13126.8,31834.9,14333.6,9595.3,8026.8,7707.0,10126.5,47285.5,20409.7,18623.7,9888.3,15352.2,12312.4,24588.4,32523.7,18862.1,24929.1,27969.6,14277.4,8070.7,48175.9,11799.5,24432.8,11680.7,17164.4,47711.0,23618.2,2770.0,9798.3,12090.3,8346.0,64745.2,4044.8,13178.9,5762.5,18763.0,5038.2,45575.6,11274.0,1716.6,7113.2,20684.0,25685.9,26536.8,4694.9,12679.7,12501.1,13457.0,5634.0,21458.5,12364.9,8645.5,11221.7,9551.7,9287.6,18827.4,44860.8,17241.5,4401.9,12945.6,39862.5,56490.7,13606.0,19504.4,19478.3,15658.3,10696.7,18788.0,3646.4,27563.2,12093.2,11720.5,11980.0,5376.3,5989.6,16530.0,5511.2,4114.0,13648.2,14633.4,31113.1,4294.4,30870.4,2918.9,20581.4,19362.7,2615.8,11885.7,13204.7,3699.4,6661.0,18459.8,3112.8,3829.3,20172.5,60500.4,16028.2,25493.3,5907.8,12894.4,20587.7,16326.3,5685.3,10041.9,8996.1,8481.8,8343.0,8761.8,3781.4,27823.3,6498.8,5182.0,21458.6,29026.0,14823.6,17904.6,5902.8,15065.4,17935.3,9759.1,8067.2,17168.2,3079.8,23071.8,12746.7,18211.2,9751.8,28533.2,18034.3,6797.9,6032.4,39528.4
70019322,47244.9,9874.8,16942.8,16610.0,19058.0,16866.5,9237.7,904.8,4109.8,32692.4,16372.4,16374.9,59625.0,32915.6,10801.3,13314.5,0.0,17451.6,25681.1,375.5,4079.9,12112.1,13264.0,14327.8,17980.0,49721.8,40524.6,264.1,19345.2,33136.8,9184.1,14872.2,53881.9,52300.3,37522.1,5451.5,11554.1,742.5,43433.4,4643.7,5989.7,19625.3,5878.8,5343.5,58884.0,17590.9,15804.9,3150.8,2821.0,10647.3,36186.9,28598.1,14936.4,36527.6,13782.2,12612.3,17348.7,59774.4,12609.9,36031.3,7755.0,28762.9,59309.5,35216.7,15736.5,19076.4,11838.6,19619.9,76343.7,15643.3,9253.2,8745.5,14847.3,12607.4,57174.1,3332.7,13565.5,9650.2,6320.0,37284.4,22621.0,13791.8,5614.5,24099.6,5161.0,17232.5,33057.0,23963.4,19919.3,3067.7,7896.9,8133.5,30425.9,56459.3,28840.0,11971.1,9019.9,35936.8,68089.2,11143.8,15578.7,15552.6,5968.3,9031.6,14862.3,15244.9,39161.7,10428.0,7794.8,4914.7,16974.8,8524.9,4477.1,13080.4,15947.9,2154.3,4943.5,42711.5,15109.2,42468.9,12072.8,32179.9,7051.3,13622.3,10220.5,1710.8,11268.6,9809.3,13696.9,13859.3,15427.7,11727.6,72098.9,6338.3,21577.6,17506.3,1759.6,32186.2,9261.1,17283.8,21640.4,18274.1,17759.9,19616.8,20035.7,15379.9,13459.3,17136.6,16780.5,13013.7,40624.5,3329.8,29503.1,17501.3,13400.3,11002.0,3280.0,6914.5,5115.3,12338.9,8707.8,23445.4,14285.6,21350.3,40131.7,14755.3,18396.4,17630.9,51126.9
70019327,57243.0,16063.3,25766.8,26504.5,26168.0,25952.3,17740.1,18318.2,14959.0,36964.0,3072.0,3074.4,69623.2,44220.0,9068.1,20416.3,18528.8,0.0,35706.0,18600.9,21914.9,19213.8,20365.8,23848.0,28068.5,53993.4,50522.7,18381.9,29370.1,37408.3,25288.2,30966.4,58153.4,62298.4,41793.6,13701.4,27658.2,19072.1,47705.0,21732.0,17615.4,26735.3,13867.2,12380.5,68882.1,530.1,1780.4,19189.2,22750.6,8914.1,40458.4,44702.2,31040.5,40799.2,16181.3,11506.0,27147.6,69772.6,16878.0,40302.8,23859.1,38749.8,69307.6,39488.2,22838.3,33380.3,15746.4,29941.6,86341.9,22745.0,25357.3,15848.4,30941.5,20088.0,61445.6,18672.4,20667.2,18883.9,13676.1,41555.9,38715.2,24014.5,14430.4,34086.4,22249.4,26056.6,44361.4,33950.3,30532.4,15505.9,21730.1,21466.1,40412.8,60730.9,38864.9,21131.0,25124.0,52040.9,78087.4,8558.1,31682.8,31656.7,23056.6,11058.0,30966.4,22346.6,43433.3,8842.2,23898.9,13730.6,28113.1,15626.7,19387.9,19615.1,21142.6,17804.8,22031.8,46983.1,23614.0,52467.1,19174.5,43484.3,12354.9,21935.4,9560.3,17578.3,18370.4,18839.4,5629.3,22432.4,22529.5,6342.9,82097.0,23426.6,37671.8,24836.6,20292.8,43490.6,8317.8,27308.7,30496.8,28073.0,27558.8,29938.5,30672.8,22481.7,17304.6,25818.4,26385.3,6226.9,44896.1,16534.6,39528.0,24841.6,6646.4,10941.4,19318.4,20245.6,20869.6,19440.6,16064.0,34942.0,30389.7,29333.8,44403.3,30212.7,28421.3,24774.8,55398.4
70019328,26846.8,20144.8,11433.2,12792.6,11032.4,11495.7,18532.3,25343.5,22547.2,8511.7,35566.5,35568.9,39226.9,12517.5,25437.0,13792.3,25554.1,32517.1,0.0,25626.3,27487.2,15751.9,15290.2,13403.4,10963.1,25541.0,20126.5,25407.2,7844.3,8956.0,26044.6,26870.9,29701.1,31902.2,13341.3,21289.6,24901.6,26097.4,21201.4,27304.2,20942.2,10874.8,20677.6,23097.1,38485.9,32656.4,30870.4,21620.7,28322.8,25283.0,12006.1,42764.5,30769.0,14295.6,40940.2,25760.2,12371.5,39376.3,16499.9,11850.5,23393.0,5456.3,38911.4,11035.9,13406.5,10725.0,19391.6,9131.3,55945.6,11464.5,26113.7,18733.1,26846.0,18008.9,34942.1,24244.6,14687.2,17751.8,33654.6,13103.6,34619.8,13422.0,25650.3,8531.0,23203.8,11096.8,11617.1,8477.3,8653.8,24192.3,21264.0,21000.0,7119.3,34227.3,3366.8,17372.5,26186.7,51769.4,47691.1,26576.6,31411.3,31385.2,28628.9,24704.9,30694.9,12914.9,14260.3,25063.8,23432.8,24950.6,11007.8,18960.3,29500.6,18481.8,14158.6,26618.8,27604.0,20479.6,13021.4,15892.6,15889.5,11781.7,32333.3,14618.5,24856.3,26175.3,16670.0,19631.6,27071.5,13816.1,11797.2,33143.1,51700.7,28998.8,33576.3,13399.1,25865.0,11788.0,29297.0,9841.8,6980.1,9922.7,12782.7,9128.2,8617.9,11100.0,40793.9,10868.5,12673.4,34429.2,18392.5,27794.2,5156.1,13394.1,28036.0,30905.9,21491.5,19779.5,30138.8,16114.9,36042.4,9469.0,30118.1,10089.1,15950.9,29941.2,8469.4,11398.8,28894.9
70019375,47331.7,9961.7,17029.6,16696.9,19144.8,16953.3,9324.5,1188.0,4393.0,32779.3,16655.5,16658.0,59711.9,33002.4,11084.5,13401.3,338.1,17734.8,25767.9,0.0,4563.3,12198.9,13350.8,14414.6,18066.8,49808.7,40611.4,191.2,19432.0,33223.6,9270.9,14959.0,53968.7,52387.1,37608.9,5734.7,11641.0,829.3,43520.3,4730.5,6076.6,19712.1,6161.9,5626.7,58970.8,17874.1,16088.1,3237.7,3304.4,10930.5,36273.7,28684.9,15023.3,36614.5,14065.4,12895.5,17435.6,59861.3,12893.1,36118.1,7841.8,28849.7,59396.3,35303.5,15823.3,19163.2,12121.7,19706.7,76430.5,15730.1,9340.0,8832.4,14934.1,12694.2,57260.9,3419.6,13652.3,9737.1,6603.1,37371.2,22707.9,13878.7,5897.6,24186.4,5247.9,17319.4,33143.9,24050.3,20006.1,3350.8,7983.7,8220.3,30512.8,56546.1,28926.8,12057.9,9106.8,36023.7,68176.1,11426.9,15665.5,15639.4,6055.2,9314.7,14949.1,15331.7,39248.5,10711.2,7881.7,5197.9,17061.6,8611.7,4960.6,13167.2,16034.7,2437.5,5030.3,42798.4,15196.0,42555.8,12159.6,32266.7,7334.5,13709.1,10503.7,1994.0,11355.4,9896.2,13980.1,13946.1,15514.6,12010.8,72185.7,6425.1,21664.4,17593.1,1869.5,32273.0,9544.3,17370.6,21727.2,18360.9,17846.7,19703.6,20122.5,15466.7,13742.4,17223.4,16867.3,13296.9,40711.4,3612.9,29589.9,17588.1,13683.5,11285.2,3366.9,7001.3,5598.7,12425.7,8991.0,23532.3,14372.4,21437.1,40218.5,14842.1,18483.2,17717.7,51213.7
70019381,48369.6,10999.6,18067.5,17734.8,20182.7,17991.2,10362.5,4770.5,6899.6,33817.2,20673.8,20676.3,60749.8,34040.3,13591.1,14439.2,4040.0,20241.4,26805.8,4358.1,0.0,13236.8,14388.7,15452.5,19104.8,50846.6,41649.3,4304.1,20469.9,34261.5,10113.8,15801.9,55006.6,53425.0,38646.8,8241.3,12483.8,3810.4,44558.2,1375.5,7114.5,20750.0,8668.6,8133.3,60008.7,20380.7,18594.8,4275.6,2357.7,13437.1,37311.6,26482.3,12551.5,37652.4,17712.6,15402.1,18473.5,60899.2,15399.7,37156.0,8684.7,29887.6,60434.2,36341.4,16861.2,20201.1,14628.4,20744.6,77468.4,16768.0,10182.9,9870.3,15777.0,13732.1,58298.8,4457.5,14690.2,10775.0,10250.3,38409.1,23550.7,14916.6,8404.3,25224.3,6090.7,18357.3,34181.8,25088.1,21044.0,5857.5,8826.6,9063.2,31550.7,57584.0,29964.7,13095.8,9949.6,33821.0,69214.0,13933.6,13193.8,13167.6,2663.8,11821.4,12477.4,16369.6,40286.4,13217.9,8724.5,7704.5,18099.5,9649.6,3535.5,14205.1,17072.6,6045.8,1639.0,43836.3,16233.9,43593.6,13197.5,33304.6,10981.6,14747.0,13010.3,5602.3,12393.3,10934.1,16486.7,14984.0,16552.5,16029.0,73223.6,3033.7,22507.3,18631.0,2318.0,33310.9,12050.9,18408.5,22765.1,19398.8,18884.6,20741.5,21160.4,16504.6,17389.6,18261.3,17905.2,17315.1,41749.3,7260.1,30627.8,18626.0,16190.1,13791.8,4404.8,8039.2,4173.7,13463.6,12638.2,24570.2,11988.4,22475.0,41256.4,11450.8,19521.1,18755.6,52251.6
70019384,37972.5,4667.0,7670.4,7337.6,9785.6,7594.1,4102.0,10913.2,8116.9,23420.0,21860.1,21862.6,50352.6,23643.2,11006.8,4042.1,11123.9,18810.7,16408.7,11196.0,13056.9,0.0,3991.6,5743.7,8707.6,40449.4,31252.2,10976.9,10072.8,23864.4,11650.1,17328.3,44609.5,43027.9,28249.6,6859.3,14020.2,11667.1,34161.0,12874.0,8135.6,10352.8,6247.4,8666.8,49611.6,18950.0,17164.1,8428.7,13892.6,10852.8,26914.5,31064.1,17402.5,27255.2,26510.0,12817.8,8764.7,50502.0,8757.8,26758.9,10221.0,19490.5,50037.1,25944.3,6464.1,10492.3,10419.7,9277.0,67071.3,6370.8,11719.2,4302.9,17303.4,3367.7,47901.6,9814.4,1903.8,2752.8,19224.3,28012.0,25077.2,5382.6,11220.1,14827.2,11997.4,7960.1,23784.6,14691.0,9576.4,9762.1,8092.1,7828.0,21153.5,47186.9,19567.6,2731.4,11486.0,38402.9,58816.8,12146.4,18044.8,18018.6,14198.6,9237.1,17328.3,5972.5,29889.3,10633.5,10260.9,10520.4,7702.4,4530.0,15070.4,3840.7,6675.5,12188.5,13173.8,33439.1,6525.2,33196.5,2800.3,22907.4,17903.1,2910.7,10426.0,11745.0,2028.9,5201.3,17000.2,3407.7,6155.3,18712.8,62826.4,14568.6,24033.7,8233.9,11434.8,22913.7,14866.7,8011.4,12368.0,9690.1,9175.9,9273.9,9692.8,6107.5,26363.6,6793.7,7508.1,19998.9,31352.1,13364.0,20230.7,8228.8,13605.8,16475.6,8299.5,6607.6,15708.5,458.6,21612.2,14861.4,16751.6,12077.9,30859.3,16574.7,9123.9,8358.5,41854.5
70019391,36567.4,3646.3,4706.9,4105.1,6553.1,4630.7,6394.9,13206.1,10409.8,22015.0,24426.3,24428.8,48947.6,22238.2,13299.7,3806.7,13416.7,21377.0,15003.6,13488.9,15349.8,3537.6,0.0,7418.1,7302.6,39044.4,29847.2,13269.8,8667.7,22459.4,13943.0,19621.2,43204.4,41622.9,26844.6,9152.2,16313.0,13960.0,32756.0,15166.9,10428.5,7120.4,8540.3,10959.7,48206.6,21516.3,19730.3,10721.6,16185.5,13145.7,25509.4,33357.0,19695.4,25850.2,28802.8,12095.3,10780.7,49097.0,6943.2,25353.8,12513.9,18085.5,48632.1,24539.3,2526.4,12705.7,8605.2,9267.1,65666.3,4965.8,14012.1,4178.0,19596.3,1553.2,46496.6,12107.3,4057.7,6130.3,21517.2,26606.9,27370.0,7405.0,13513.0,13422.2,14290.3,4996.7,22379.6,13286.0,9566.5,12054.9,10384.9,10120.9,19748.5,45781.9,18162.5,2417.8,13778.9,40695.8,57411.8,14439.2,20337.6,20311.5,16491.5,10432.3,19621.2,2975.6,28484.3,12926.4,12553.8,12813.3,6297.4,6822.9,17363.3,2026.1,3870.5,14481.4,15466.7,32034.1,7004.4,31791.5,2454.6,21502.4,20196.0,5325.9,12718.9,14037.9,2979.7,7494.2,15931.4,5999.2,3892.8,21005.7,61421.4,16861.5,26326.6,5001.4,13727.7,21508.7,17159.6,6606.3,10963.0,11706.1,11191.9,9264.0,9682.9,4702.5,28656.5,9004.4,4275.6,22291.8,29947.1,15656.9,18825.6,4996.4,16619.4,18768.5,10592.4,8900.4,18001.4,3836.1,23905.1,13667.8,19044.5,9718.9,29454.3,18867.5,7718.9,5126.0,40449.4
70019392,33695.1,10363.7,6023.3,5690.6,8138.5,5947.0,6388.0,13010.9,12766.1,19747.3,26509.2,26511.7,46075.3,19365.8,15655.9,4011.2,13221.5,23459.9,12556.8,13293.7,15154.6,3996.7,5801.4,0.0,6303.4,36776.7,26974.9,13074.6,9238.5,20191.6,12554.8,18232.9,40936.7,38750.6,24576.9,11508.5,14924.8,13764.8,32445.0,14971.7,8674.9,8705.8,10896.5,13316.0,45334.3,23599.2,21813.2,9353.4,15990.3,15501.9,23241.7,31968.8,18307.1,25539.2,29637.9,17466.9,4172.3,46224.7,12478.5,23086.1,11125.7,15322.4,45759.8,22271.5,4817.0,5900.0,14915.2,6284.4,62794.0,3991.3,12623.9,8952.0,18208.1,8227.7,46185.6,11912.1,4906.1,5484.4,22352.3,24339.2,25981.8,1950.8,14216.0,10567.1,10936.5,6313.1,19507.3,10328.2,6583.8,11859.7,8996.7,8732.6,16985.4,45470.8,15715.7,7591.4,12390.6,39307.5,54539.5,16795.5,18949.4,18923.3,16296.3,13886.2,18233.0,4325.4,25495.9,15282.7,11165.5,13516.3,5298.2,9179.1,17168.1,8700.7,7346.2,14286.2,15271.5,31723.1,1550.3,28919.2,6108.4,18630.1,21031.0,1215.1,15075.2,13842.7,6888.9,6433.0,21649.3,1109.9,3775.8,21840.8,58549.1,16666.3,24938.3,6586.8,13532.5,18636.4,17862.6,5607.2,10651.9,5097.7,4583.5,6281.3,6700.2,3700.7,29491.6,3801.2,5861.0,23126.9,29636.1,15461.7,16391.8,6581.8,18254.9,19603.6,9224.2,7512.2,17806.2,3962.0,24740.2,10269.0,17656.2,11304.3,27186.5,17479.3,6719.8,6711.4,40138.4
70019395,32124.8,7217.2,472.9,2359.4,2740.9,535.4,9586.2,16397.4,13601.1,17600.3,28745.0,28747.5,44505.0,17795.6,17188.7,4846.2,16608.0,25695.7,10588.9,16680.2,18541.1,6805.9,4707.5,5197.5,0.0,34629.7,25404.6,16461.1,4253.0,18044.6,17134.3,22812.5,38789.7,37180.3,22429.9,12343.5,19504.3,17151.3,28341.3,18358.1,13619.8,3308.2,11731.6,14151.0,43764.0,25835.0,24049.0,13912.8,19376.8,17034.8,21094.7,36548.3,22886.6,21435.4,31994.1,16414.0,8715.8,44654.4,7079.6,20939.1,15705.2,14403.0,44189.5,20124.5,2893.2,8263.1,9516.2,4824.5,61223.7,1790.8,17203.4,9787.0,22787.6,9062.8,42081.9,15298.6,5741.1,10893.2,24708.5,22192.2,30561.3,7961.5,16704.3,9739.7,17481.6,136.6,17937.0,9603.5,5123.9,15246.2,13576.2,13312.2,16066.1,41367.1,13747.8,8426.4,16970.1,43887.0,52969.2,17630.5,23528.9,23502.8,19682.8,14751.0,22812.5,2401.6,24069.5,16815.5,15745.0,16004.5,1216.5,10014.2,20554.6,8876.8,3172.4,17672.7,18658.0,27619.4,7561.0,27348.9,6943.5,17059.8,23387.3,5780.5,16608.0,17229.2,7724.0,10685.5,20250.1,5336.9,1825.8,24197.0,56978.8,20052.8,29517.9,2239.5,16918.9,17066.1,20350.9,2191.6,6548.2,8247.4,9127.0,4821.4,5240.3,1565.7,31847.8,6253.3,1644.7,25483.1,25532.3,18848.1,14410.9,2234.5,20938.1,21959.8,13783.7,12091.7,21192.7,7168.8,27096.4,9225.2,22235.8,5906.7,25039.5,22058.8,3304.2,1404.9,36034.7
70019399,20847.4,43672.5,40101.4,35616.6,32980.7,40524.9,42060.0,48871.2,46074.9,18860.7,57514.7,57517.2,11521.8,24281.3,56459.1,37320.0,49081.8,54465.4,24914.2,49154.0,51014.9,39279.7,38817.9,37498.4,39631.3,0.0,16932.6,48934.9,31372.0,19335.2,48940.2,49766.5,7051.2,3219.8,13582.5,44817.3,47797.2,49625.1,19981.0,50831.9,45037.1,32823.1,44205.3,46624.8,21155.3,54604.7,52818.7,45715.7,51850.5,56305.1,13938.0,65660.1,53664.6,21719.2,64467.9,55684.3,37384.3,11671.2,38448.2,14620.6,50629.4,29771.5,21580.8,15555.9,36639.8,35802.2,41339.9,32659.0,28282.1,34992.2,49009.3,42260.8,49741.6,41536.6,11346.0,47772.3,38214.9,41846.7,57182.3,13013.6,57515.3,37516.9,49178.0,32339.8,53204.6,39765.0,24422.7,32100.9,32181.6,47720.0,45359.0,45094.9,31434.5,12083.1,25477.9,40900.2,49082.3,74665.0,20027.6,50104.3,54306.9,54280.7,52156.6,54021.4,53590.4,36148.1,16219.7,56085.8,50669.2,48478.3,39676.0,42488.0,53028.3,40777.1,36982.5,50146.5,51131.8,20673.4,37116.4,15836.0,39417.3,24544.9,55861.0,38869.6,55878.3,49703.0,40197.8,43159.3,49019.8,37911.0,35324.9,56670.8,22544.1,52526.5,56471.9,36223.1,49392.7,24551.2,52824.7,33369.5,28832.4,35786.4,38622.9,32655.9,32145.7,34627.8,64321.6,34963.4,35497.4,57956.9,15633.6,51321.9,22173.8,36218.1,49707.8,54433.6,45586.5,43874.5,53666.5,39642.6,59570.1,32364.6,53013.7,31820.1,11023.2,52836.8,31137.9,34222.7,19030.8
70019407,18090.1,34091.8,25921.1,28066.8,27833.7,26344.6,33030.0,39841.3,37044.9,12403.7,53835.1,53837.5,22049.6,10101.0,42278.8,28290.1,40051.9,50785.7,16563.4,40124.0,41985.0,30249.7,29788.0,27207.2,25451.0,16976.3,0.0,39904.9,23021.2,8748.4,34759.9,35586.2,20878.7,14149.7,10801.2,35787.3,33616.9,40595.2,19918.1,41802.0,34531.3,28400.9,35175.4,37594.9,29729.2,50925.0,49139.0,35209.8,42820.6,42124.8,8256.8,51479.8,39484.3,17583.2,55438.0,41504.0,23204.0,22198.9,32169.6,8939.4,36449.1,15591.2,30154.7,9874.6,29090.0,21621.9,34606.3,23222.4,38768.2,25962.2,34829.0,33230.9,35561.3,32506.6,25173.5,38742.4,29185.0,31340.9,48152.4,10232.3,43335.0,27011.0,40148.1,18159.5,39024.3,25584.7,10242.4,17920.6,23521.8,38690.1,34853.1,34589.1,17254.2,25910.6,13955.2,31870.3,34902.0,60484.7,30513.7,41074.4,40126.6,40100.4,43126.7,39841.1,39410.1,28598.4,10538.5,41905.5,36488.9,39448.4,25495.7,33458.0,43998.4,33966.9,29432.8,41116.6,42101.8,20610.5,26610.5,2214.8,30387.3,10364.6,46831.1,27591.7,41698.0,40673.1,31167.8,34129.4,45340.1,27619.9,26295.0,47640.9,33030.3,43496.6,42291.6,28673.4,40362.8,10370.9,43794.7,24670.0,20481.6,21606.1,24442.6,23219.3,23638.2,25597.8,55291.7,24672.3,27947.6,48927.0,15095.7,42292.0,12399.1,28668.4,46028.1,45403.7,35080.6,33368.6,44636.5,30612.7,50540.2,18184.3,38833.4,23469.4,8241.9,38656.5,25782.6,26497.7,19047.4
70019410,47192.6,9822.6,16890.5,16557.8,19005.8,16814.3,9185.5,1051.8,4256.8,32640.2,16519.3,16521.8,59572.8,32863.3,10948.3,13262.2,146.9,17598.6,25628.8,323.2,4226.8,12059.8,13211.8,14275.5,17927.8,49669.6,40472.3,0.0,19292.9,33084.5,9131.8,14819.9,53829.6,52248.0,37469.8,5598.5,11501.9,690.2,43381.2,4591.4,5937.5,19573.0,6025.7,5490.5,58831.7,17737.9,15951.9,3098.6,2967.9,10794.3,36134.6,28545.8,14884.2,36475.4,13929.2,12759.3,17296.5,59722.2,12756.9,35979.0,7702.8,28710.7,59257.2,35164.4,15684.3,19024.1,11985.5,19567.6,76291.5,15591.0,9201.0,8693.3,14795.1,12555.2,57121.8,3280.5,13513.2,9598.0,6466.9,37232.1,22568.8,13739.6,5761.4,24047.4,5108.8,17180.3,33004.8,23911.2,19867.0,3214.6,7844.6,8081.2,30373.7,56407.0,28787.7,11918.8,8967.7,35884.6,68037.0,11290.7,15526.5,15500.3,5916.1,9178.5,14810.1,15192.6,39109.4,10575.0,7742.6,5061.7,16922.5,8472.7,4624.1,13028.1,15895.7,2301.3,4891.3,42659.3,15057.0,42416.7,12020.5,32127.6,7198.3,13570.0,10367.5,1857.8,11216.3,9757.1,13843.8,13807.0,15375.5,11874.6,72046.6,6286.0,21525.3,17454.0,1730.4,32133.9,9408.0,17231.5,21588.1,18221.9,17707.7,19564.5,19983.4,15327.7,13606.2,17084.3,16728.3,13160.7,40572.3,3476.7,29450.8,17449.0,13547.3,11149.0,3227.8,6862.2,5262.2,12286.6,8854.8,23393.2,14233.3,21298.1,40079.4,14703.0,18344.1,17578.6,51074.6
70019414,32562.3,12839.7,4128.0,6276.0,4361.3,4190.5,11227.1,18038.3,15242.0,14962.8,32046.9,32049.4,44942.4,18233.0,18131.9,6487.1,18248.9,28997.6,7951.4,18321.1,20182.0,8446.8,7985.0,6893.8,3657.9,31992.2,25842.0,18102.0,0.0,15407.1,18775.2,24453.4,36152.2,37617.7,19792.4,13984.4,21145.2,18792.2,25703.8,19999.0,15260.7,3739.6,13372.5,15791.9,44201.4,29136.9,27350.9,15553.8,21017.7,17977.9,18457.2,38189.2,24527.5,18798.0,33635.0,19715.9,12032.5,45091.8,10381.5,18301.6,17346.1,13199.9,44626.9,17487.0,6101.3,9149.7,12818.2,3827.3,61661.1,4159.3,18844.3,11427.9,24428.5,10703.7,39444.4,16939.5,7382.0,12534.1,26349.4,19554.7,32202.2,8844.6,18345.2,9417.0,19122.5,3791.7,18374.4,9280.8,3349.9,16887.1,15217.1,14953.1,14862.9,38729.6,11110.3,10067.3,18611.0,45527.9,53406.6,19271.4,25169.8,25143.7,21323.7,18053.0,24453.4,5609.7,21432.1,17758.6,17385.9,17645.4,3702.6,11655.1,22195.5,11176.7,7642.0,19313.6,20298.9,24981.9,8444.0,22343.8,8584.4,17497.2,25028.1,8036.7,17551.1,18870.1,9364.9,12326.4,23552.0,6990.8,4492.0,25837.9,57416.2,21693.7,31158.8,5894.6,18559.8,17503.5,21991.8,2536.6,3910.7,9134.0,12443.6,3824.2,3314.0,3794.9,33488.7,7139.9,6156.8,27124.0,22894.9,20489.0,11773.4,5889.6,20730.9,23600.7,15424.6,13732.6,22833.6,8809.7,28737.3,9662.6,23876.7,5911.0,22402.1,23699.7,2104.7,4706.9,33397.2
70019420,26404.0,27048.6,18254.9,18992.6,16356.7,18440.3,25436.0,32247.2,29450.9,5478.8,40890.8,40893.3,27310.9,10748.2,32467.0,20696.1,32457.9,37841.5,8290.3,32530.0,34391.0,22655.7,22194.0,20874.4,17866.9,19576.4,8881.0,32310.9,14748.1,0.0,33736.4,34562.6,23736.4,19411.1,7376.6,28193.3,32593.3,33001.2,17422.7,34208.0,28413.2,16199.2,27581.4,30000.9,38043.1,37980.8,36194.8,29091.7,35226.6,32313.0,6041.4,50456.2,38460.8,10524.8,47844.0,31084.5,19842.6,27460.3,21824.3,5885.8,30864.0,11309.0,38468.6,5071.2,20015.8,18196.0,24715.9,16035.0,44029.6,18368.2,33805.5,25636.9,34537.8,24912.6,28031.2,31148.4,21591.0,25222.8,40558.3,7138.9,42311.5,20893.0,32554.1,16222.8,30674.9,18000.6,10510.3,16169.0,15557.6,31096.1,28735.0,28471.0,12972.0,28768.4,6022.8,24276.3,33878.5,59461.1,35775.1,33480.4,39103.0,39076.9,35532.6,30029.3,38386.6,19524.2,8295.6,32093.7,30903.9,31854.4,17911.5,25864.0,36404.4,24153.1,20358.6,33522.6,34507.8,16708.7,20492.4,7046.0,22793.3,11682.4,39237.1,22245.7,31886.2,33079.1,23573.8,26535.4,32395.9,21287.1,18701.0,40046.8,38291.6,35902.6,41268.0,19599.2,32768.8,11688.7,36200.7,16745.5,12208.5,17393.8,20253.7,16032.0,15521.7,18003.8,47697.6,18339.5,18873.4,41332.9,11755.4,34698.0,5549.9,19594.2,33083.9,37809.6,28962.5,27250.6,37042.5,23018.7,42946.2,17160.7,37809.9,15196.2,9986.2,37632.9,14514.0,17598.8,25116.1
70019425,41564.0,12034.8,16998.2,16665.4,19113.4,16921.9,7937.6,10102.4,12231.5,33394.1,26005.7,26008.2,53944.2,27234.7,17327.9,13638.4,9371.8,25131.8,26203.6,9689.9,9272.1,10901.3,13196.6,12979.4,17912.6,49446.0,34843.7,9635.9,19277.8,33838.5,0.0,6905.6,55065.1,46619.4,38223.8,13180.4,2688.9,9142.3,43366.1,9089.1,9139.8,19680.7,12568.5,13465.2,53203.1,25271.1,23485.2,7465.5,10107.7,17173.9,36888.6,19732.8,6071.2,36460.3,22385.0,19138.9,13975.6,54093.5,17930.1,36733.0,1707.7,23191.3,53628.6,35918.4,15791.9,16235.1,18365.3,18271.5,70662.8,15575.9,87.7,10623.1,6880.7,12540.0,57106.7,9789.3,13498.1,8301.9,14922.8,37986.1,14654.4,12443.5,13736.1,18438.1,5432.5,17287.9,27376.2,18199.3,18570.9,11189.3,4198.0,4434.6,24854.3,56391.9,27017.9,11903.7,160.6,27071.6,62408.4,18467.5,6713.4,6687.3,10413.8,15558.1,5997.0,15300.3,39094.3,16954.6,1747.6,13036.4,16907.4,10850.3,11285.5,13013.0,15880.5,11377.7,9388.9,42644.2,13760.9,36788.0,12005.4,26499.0,15654.1,12274.0,16747.1,10934.2,11201.2,8509.3,23321.3,12510.9,15360.4,21360.9,66418.0,10783.7,13611.0,17561.7,7649.9,26505.3,17382.8,17216.4,21573.0,16925.8,12567.2,18268.4,18687.3,15312.5,22062.1,15788.2,16835.9,22647.0,40557.2,11932.6,30038.6,17556.7,19926.9,19123.7,7336.3,7157.1,11923.7,10421.7,17310.6,18457.9,5420.3,21282.9,40833.4,5243.4,18329.0,17686.3,51059.5
70019426,42175.7,17625.2,22588.5,22255.8,24703.8,22512.3,13528.0,15707.0,17836.1,34005.8,31610.3,31612.8,54555.9,27846.4,22918.2,19228.7,14976.5,30722.2,26815.3,15294.5,14876.7,16491.7,18787.0,18569.8,23503.0,50057.7,35455.4,15240.5,27066.9,34450.2,6676.1,0.0,55676.8,47231.1,38835.5,18770.8,5533.1,14746.9,46695.6,14693.7,14730.1,25271.0,18158.8,19069.8,53814.8,30861.5,29075.5,13055.9,15712.3,22764.3,37500.3,15990.1,11400.5,39789.8,27989.7,24729.3,14587.3,54705.3,23520.5,37344.7,8365.3,23803.0,54240.3,36530.1,21382.3,16846.8,23955.7,24112.8,71274.5,21166.2,6745.2,16213.5,120.0,18130.4,59971.7,15393.9,19088.4,13892.3,20527.4,38597.8,7845.3,14424.5,19340.7,19049.8,11037.2,22878.3,27987.9,18811.0,24412.2,16793.9,9788.4,10024.9,25466.0,59721.5,27629.6,17494.0,6818.2,25147.1,63020.1,24057.8,12042.8,12016.6,16018.4,21148.5,11326.4,20890.6,39754.4,22545.0,8405.2,18641.0,22497.8,16440.6,16890.1,18603.4,21470.9,16982.3,14993.6,45973.7,14726.9,37399.7,17595.7,27110.7,21258.7,17864.3,22337.5,16538.8,16791.6,14099.6,28911.6,18101.3,20950.7,26965.5,67029.7,16388.3,6801.9,23152.0,13254.5,27117.0,22987.4,22806.8,28480.3,17882.0,13178.9,24109.7,24528.6,20902.9,27666.7,20121.2,22426.3,28251.6,43886.7,17537.2,30650.3,23147.0,25517.2,24728.3,12926.7,12747.4,17528.3,16012.1,22915.2,19069.6,10749.6,26873.3,41445.1,10572.7,23919.3,23276.6,54389.1
70019429,26888.6,47818.9,39025.2,39762.9,37127.0,39210.6,46206.3,53017.6,50221.2,23007.1,61661.1,61663.6,17402.6,30322.5,53237.3,41466.4,53228.2,58611.8,29060.6,53300.3,55161.3,43426.0,42964.3,41644.7,38637.2,6939.7,21104.3,53081.2,35518.4,23481.6,54981.5,55807.7,0.0,9261.0,17728.9,48963.6,53838.4,53771.5,20403.0,54978.3,49183.5,36969.5,48351.7,50771.2,25883.8,58751.1,56965.1,49862.0,55996.9,53083.3,18084.4,71701.3,59705.8,20723.3,68614.3,51854.8,40612.9,17552.0,42594.6,18767.0,51634.3,35812.8,26309.3,19702.2,40786.1,41843.4,45486.2,36805.4,25351.6,39138.5,55050.6,46407.2,55782.9,45682.9,4676.0,51918.7,42361.3,45993.1,61328.6,17160.0,63556.6,41663.3,53324.4,38381.0,51445.2,38770.9,30464.0,38142.2,36327.9,51866.4,49505.4,49241.3,37475.8,5413.1,29624.3,45046.6,55123.6,80706.2,15624.6,54250.7,60348.1,60322.0,56303.0,50799.6,59631.7,40294.5,20366.1,52864.0,51674.2,52624.7,38681.8,46634.3,57174.7,44923.4,41128.9,54292.9,55278.1,21095.4,41262.7,19506.0,43563.6,30586.2,60007.4,43016.0,52656.5,53849.4,44344.1,47305.7,53166.2,42057.4,39471.3,60817.2,25613.7,56672.9,62513.1,40369.5,53539.1,30592.5,56971.0,37515.8,32978.8,38164.1,41024.0,36802.3,36292.0,38774.1,68468.0,39109.8,39643.7,62103.3,17178.7,55468.3,26320.2,40364.5,53854.2,58580.0,49732.8,48020.9,57812.8,43789.0,63716.5,38405.8,59055.0,35966.5,15169.5,58878.0,35284.3,38369.1,12360.7
70019455,18062.2,45486.9,37316.2,39461.9,39228.8,37739.7,44425.2,51236.4,48440.1,20705.1,65230.2,65232.6,10471.3,21496.1,53673.9,39685.2,51447.0,62180.8,27349.3,51519.2,53380.1,41644.8,41183.1,38602.4,36846.1,3276.5,14147.4,51300.1,33807.1,19534.2,46155.0,46981.3,8895.6,0.0,15426.9,47182.5,45012.0,51990.3,21825.4,53197.1,45926.4,39796.0,46570.5,48990.0,19408.3,62320.1,60534.1,46604.9,54215.7,53519.9,15782.4,62874.9,50879.4,23563.6,66833.1,52899.1,34599.2,10620.7,43564.7,16465.1,47844.2,26986.3,19833.8,17400.3,40485.1,33017.0,46001.4,34617.5,27189.9,37357.4,46224.1,44626.0,46956.4,43901.8,13190.4,50137.5,40580.1,42736.0,59547.5,14858.0,54730.1,38406.1,51543.2,29554.6,50419.5,36979.9,21637.5,29315.7,34916.9,50085.2,46248.2,45984.2,28649.3,13927.5,26748.9,43265.4,46297.1,71879.8,18935.5,52469.5,51521.7,51495.5,54521.8,51236.2,50805.3,39993.5,18064.1,53300.7,47884.1,50843.5,36890.8,44853.2,55393.5,45362.0,40827.9,52511.7,53496.9,22517.8,38005.6,13050.8,41782.4,21759.7,58226.2,38986.9,53093.1,52068.2,42562.9,45524.5,56735.2,39015.0,37690.1,59036.0,21452.0,54891.7,53686.7,40068.5,51757.9,21766.0,55189.9,36065.1,31267.5,33001.3,35837.7,34614.4,35033.3,36992.9,66686.8,36067.4,39342.7,60322.1,17478.1,53687.1,23184.9,40063.5,57423.3,56798.8,46475.7,44763.7,56031.7,42007.8,61935.3,29579.4,50228.5,34255.2,12867.6,50051.6,37177.7,37892.8,20875.2
70019459,26661.7,30317.9,21524.3,22262.0,19626.1,21709.7,28705.4,35516.6,32720.3,5506.1,44160.1,44162.6,22696.1,18263.5,35736.3,23965.4,35727.2,41110.8,11559.6,35799.4,37660.3,25925.0,25463.3,24143.8,21136.2,13385.6,8819.7,35580.3,18017.4,5980.6,37005.7,37832.0,17545.6,15706.9,0.0,31462.7,35862.7,36270.5,13165.6,37477.3,31682.5,19468.5,30850.7,33270.2,32329.6,41250.1,39464.1,32361.0,38495.9,35582.3,583.4,53725.6,41730.1,8364.6,51113.3,34353.9,23111.9,22845.5,25093.6,1266.0,34133.4,16808.0,32755.1,2201.3,23285.2,21465.4,27985.3,19304.4,39456.4,21637.6,37074.8,28906.2,37807.1,28182.0,21840.5,34417.7,24860.3,28492.1,43827.7,948.1,45580.8,24162.3,35823.4,19492.1,33944.2,21269.9,18025.6,19438.3,18827.0,34365.4,32004.4,31740.3,18471.0,22577.6,12123.3,27545.6,37147.8,62730.5,31202.0,36749.7,42372.4,42346.2,38802.0,33298.6,41655.9,22793.5,2865.1,35363.1,34173.2,35123.7,21180.9,29133.4,39673.7,27422.5,23627.9,36791.9,37777.2,13858.0,23761.8,7765.2,26062.6,19197.6,42506.4,25515.0,35155.6,36348.4,26843.1,29804.7,35665.2,24556.4,21970.3,43316.2,33718.5,39171.9,44537.4,22868.5,36038.1,19203.9,39470.1,20014.9,15477.8,20663.1,23523.1,19301.3,18791.1,21273.1,50967.0,21608.8,22142.8,44602.3,6324.9,37967.3,8819.2,22863.5,36353.2,41079.0,32231.9,30519.9,40311.9,26288.0,46215.5,20430.1,41079.2,18465.5,3795.4,40902.3,17783.3,20868.1,15720.7
70019470,43232.9,4825.5,12930.8,12598.0,13153.2,12854.5,6626.3,4879.6,1520.4,28680.5,17098.3,17100.8,55613.1,28903.6,6245.0,9302.5,5090.2,14049.0,21669.1,5162.4,8476.4,8100.1,9252.0,12734.2,13968.0,45709.9,36512.6,4943.3,15333.2,29124.8,12833.8,18521.9,49869.9,48288.3,33510.1,0.0,15203.9,5633.5,39421.5,8293.4,4320.4,15613.3,1322.5,2070.4,54872.0,14188.3,12402.3,5750.6,9312.0,6091.0,32174.9,32247.8,18586.2,32515.6,21748.2,8056.0,16033.9,55762.4,8053.6,32019.3,11404.8,24750.9,55297.5,31204.7,11724.5,17761.5,7282.3,15932.6,72331.7,11631.3,12903.0,4323.0,18497.1,8595.4,53162.1,5233.8,9553.5,7770.1,14462.6,33272.4,26270.8,12900.8,7262.0,20087.6,8810.8,13220.6,29045.1,19951.4,16232.0,4715.2,9189.6,8925.5,26413.9,52447.3,24828.0,7959.1,12669.7,39586.6,64077.3,7384.6,19228.5,19202.3,9618.1,4475.3,18512.1,11232.9,35149.7,5871.8,11444.6,6562.3,12962.8,4512.9,10489.8,8240.1,11935.9,6154.9,8593.3,38699.6,12500.2,38456.9,8060.8,28167.9,13141.3,10821.7,5664.3,5711.4,7256.6,7725.7,12238.4,11318.7,11415.8,13951.1,68086.9,9988.0,25227.3,13494.3,6854.2,28174.2,10908.6,13271.8,17628.4,16959.2,16445.0,15929.5,16348.4,11367.9,21601.9,14704.6,12768.5,15237.2,36612.6,7330.3,25491.1,13489.3,8844.0,11713.9,5879.8,7705.1,11128.0,8326.9,16850.4,20333.3,17935.3,17338.3,36119.7,18405.1,14384.4,13618.9,47114.9
70019475,39293.5,14362.1,19325.4,18992.7,21440.6,19249.1,10264.9,12429.6,14558.7,31123.6,28332.9,28335.4,51673.7,24964.2,19655.1,15965.6,11699.1,27459.1,23933.1,12017.2,11599.3,13228.6,15523.9,15306.7,20239.9,47175.5,32573.2,11963.2,24184.7,31568.0,2345.8,4635.1,52794.6,44348.9,35953.3,15507.6,0.0,11469.6,43813.4,11416.3,11467.0,22007.9,14895.7,15792.4,50932.6,27598.4,25812.4,9792.7,12435.0,19501.1,34618.1,20528.7,7070.2,36907.6,24712.3,21466.1,11705.1,51823.0,20257.4,34462.5,4035.0,20920.8,51358.1,33647.9,18119.1,13964.6,20692.6,21230.6,68392.3,17903.1,2414.9,12950.3,4610.2,14867.3,57089.5,12116.6,15825.3,10629.1,17250.0,35715.6,12383.9,11542.3,16063.4,16167.6,7759.8,19615.2,25105.7,15928.8,21530.0,13516.6,6525.2,6761.8,22583.8,56839.3,24747.4,14230.9,2487.9,28070.6,60137.9,20794.7,7712.4,7686.3,12741.0,17885.4,6996.0,17627.5,36872.2,19281.9,4074.8,15363.7,19234.7,13177.5,13612.7,15340.3,18207.8,13704.9,11716.2,43091.5,11844.7,34517.5,14332.6,24228.5,17981.3,14601.2,19074.4,13261.4,13528.4,10836.5,25648.5,14838.2,17687.6,23688.2,64147.5,14147.6,11340.5,19888.9,9977.1,24234.8,19710.0,19543.6,25598.1,14999.8,10296.7,21227.5,21646.4,17639.8,24389.3,17239.0,19163.1,24974.3,41004.5,14259.8,27768.1,19883.9,22254.1,21451.0,9663.6,9484.3,14250.9,12749.0,19637.9,16187.4,6419.3,23610.2,38562.9,6242.3,20656.2,20013.5,51506.9
70019476,47457.6,10087.6,17155.5,16822.8,19270.8,17079.3,9450.5,1002.4,4207.4,32905.2,16469.9,16472.4,59837.8,33128.4,10898.9,13527.3,212.8,17549.2,25893.8,588.3,4177.4,12324.8,13476.8,14540.5,18192.8,49934.6,40737.4,476.9,19558.0,33349.6,9396.9,15085.0,54094.7,52513.1,37734.8,5549.1,11766.9,0.0,43646.2,5485.2,6202.5,19838.0,5976.3,5441.1,59096.8,17688.5,15902.5,3363.6,2918.5,10744.9,36399.6,28810.9,15149.2,36740.4,13879.8,12709.9,17561.5,59987.2,12707.5,36244.1,7967.8,28975.7,59522.3,35429.5,15949.3,19289.1,11936.1,19832.6,76556.5,15856.0,9466.0,8958.3,15060.1,12820.2,57386.8,3545.5,13778.2,9863.0,6417.5,37497.1,22833.8,14004.6,5712.0,24312.4,5373.8,17445.3,33269.8,24176.2,20132.0,3165.2,8109.7,8346.2,30638.7,56672.1,29052.7,12183.8,9232.7,36149.6,68302.0,11241.3,15791.5,15765.4,6181.1,9129.1,15075.1,15457.6,39374.5,10525.6,8007.6,5012.3,17187.6,8737.7,4574.7,13293.2,16160.7,2251.9,5156.3,42924.3,15322.0,42681.7,12285.5,32392.6,7148.9,13835.1,10318.1,1808.4,11481.4,10022.1,13794.4,14072.0,15640.5,11825.2,72311.6,6551.0,21790.4,17719.0,1857.1,32398.9,9358.6,17496.5,21853.2,18486.9,17972.7,19829.5,20248.4,15592.7,13556.8,17349.4,16993.3,13111.3,40837.3,3427.3,29715.8,17714.0,13497.9,11099.6,3492.8,7127.2,5212.8,12551.6,8805.4,23658.2,14498.3,21563.1,40344.5,14968.1,18609.1,17843.6,51339.6
70019480,41883.4,37100.3,28306.7,29044.4,26408.5,28492.1,35487.8,42299.0,39502.7,12868.3,50942.5,50945.0,38243.9,26227.7,42518.7,30747.8,42509.6,47893.2,19501.0,42581.8,44442.7,32707.5,32245.7,31934.3,27918.6,21262.3,19879.9,42362.7,24799.8,16792.2,43035.9,45773.4,20543.0,23583.6,12646.3,38245.1,43804.1,43052.9,0.0,44259.7,39521.4,26250.9,37633.1,40052.6,48567.0,48032.5,46246.5,39814.4,45278.3,42364.7,12067.4,61667.0,49671.5,7187.1,57895.7,41136.3,31053.3,38393.3,31876.0,12750.1,41606.8,24749.5,48992.5,11408.9,30067.6,31409.2,34767.7,26086.8,37783.2,28420.0,43105.0,35688.6,45748.5,34964.4,16032.9,41200.1,31642.7,36794.8,50610.1,12408.7,53522.3,33885.1,42605.8,27433.5,43383.1,28052.4,25989.8,27379.8,25609.4,41147.8,39477.8,39213.8,26412.5,15318.2,20064.8,34328.0,42871.7,70671.9,33183.5,43532.1,50313.8,50287.7,45584.4,40081.0,49597.4,29575.9,10168.2,42145.5,41646.6,41906.1,27963.3,35915.8,46456.1,34204.9,30410.3,43574.3,44559.6,1014.1,33484.5,18281.6,32845.1,27161.8,49288.8,32297.4,41938.0,43130.8,33625.6,36587.1,42447.6,31251.5,28752.7,50098.6,43626.9,45954.3,52478.8,29650.9,42820.5,27168.1,46252.5,26797.3,22260.2,28604.5,31464.5,26083.7,25573.5,28055.6,57749.4,29399.3,28925.2,51384.7,7618.4,44749.7,16760.7,29645.9,43135.6,47861.4,39685.3,37993.3,47094.3,33070.4,52997.9,28371.5,49020.6,25248.0,13882.3,48843.7,24565.7,27650.5,9985.8
70019482,47783.5,10413.5,17481.4,17148.7,19596.6,17405.1,9776.3,4184.4,6313.5,33231.1,20087.7,20090.2,60163.7,33454.2,13005.0,13853.1,3453.9,19655.3,26219.7,3772.0,2592.0,12650.7,13802.6,14866.4,18518.6,50260.5,41063.2,3718.0,19883.8,33675.4,9527.7,15215.8,54420.5,52838.9,38060.7,7655.2,11897.7,3224.3,43972.1,0.0,6528.4,20163.9,8082.5,7547.2,59422.6,19794.6,18008.7,3689.5,3427.7,12851.0,36725.5,27552.2,13621.4,37066.3,16467.1,14816.0,17887.4,60313.1,14813.6,36569.9,8098.6,29301.5,59848.1,35755.3,16275.1,19615.0,14042.3,20158.5,76882.3,16181.9,9596.8,9284.2,15190.9,13146.0,57712.7,3871.4,14104.1,10188.9,9004.8,37823.0,22964.6,14330.5,7818.2,24638.2,5504.6,17771.2,33595.7,24502.0,20457.9,5271.4,8240.5,8477.1,30964.6,56997.9,29378.6,12509.7,9363.5,34890.9,68627.9,13347.5,14263.7,14237.6,3733.7,11235.3,13547.3,15783.5,39700.3,12631.8,8138.4,7118.4,17513.4,9063.5,4605.5,13619.0,16486.5,5459.7,2708.9,43250.2,15647.8,43007.5,12611.4,32718.5,9736.1,14160.9,12424.2,5016.2,11807.2,10348.0,15900.6,14397.9,15966.4,15442.9,72637.5,4103.7,21921.2,18044.9,1731.9,32724.8,11464.8,17822.4,22179.0,18812.7,18298.5,20155.4,20574.3,15918.5,16144.1,17675.2,17319.1,16729.0,41163.2,6014.6,30041.7,18039.9,15604.0,13205.7,3818.7,7453.1,5243.6,12877.5,11392.6,23984.1,13058.4,21888.9,40670.3,12520.7,18935.0,18169.5,51665.5
70019495,41045.5,6438.1,13221.2,12888.4,15336.4,13144.9,4112.4,5391.3,4944.3,27798.4,18865.9,18868.4,53425.7,26716.2,9819.5,9877.8,5601.9,17623.4,20607.8,5674.1,7535.0,8675.3,9827.3,9202.4,14543.3,44827.8,34325.2,5455.0,15908.5,28242.7,9291.7,14969.8,48987.8,46100.9,32628.0,5672.0,11661.7,6145.2,39996.7,7352.0,0.0,15903.6,4240.5,5289.4,52684.6,17762.7,15976.8,2658.9,8370.6,9665.5,31292.8,28705.7,15044.0,33090.9,22018.3,11630.5,12223.4,53575.0,11628.3,31137.2,7862.6,22672.8,53110.1,30322.6,12014.9,13951.0,10856.9,14494.5,70144.3,12206.5,9360.8,5308.8,14945.0,9170.7,53737.3,4292.4,10128.7,4524.9,14732.7,32390.3,22718.7,8666.5,6596.4,18300.4,7869.4,13510.9,26857.7,18061.5,14793.9,4240.1,5733.6,5469.6,24335.8,53022.6,23766.7,8534.3,9127.5,36044.4,61889.9,10959.1,15686.3,15660.2,8676.7,8049.8,14969.9,11523.3,35725.0,9446.2,7902.4,5896.7,13538.1,5088.2,9548.4,9643.7,12511.2,6666.6,7651.8,39274.8,9983.9,36269.5,8636.0,25980.5,13411.4,8497.0,9238.7,6223.1,7831.9,4684.0,15812.9,8733.9,11991.0,14221.2,65899.5,9046.6,21675.2,13784.7,5912.8,25986.8,10243.0,13847.1,18203.7,13148.8,12634.6,14491.4,14910.3,11943.2,21872.0,12011.2,13058.9,15507.3,37187.8,7842.0,24442.8,13779.6,12418.5,11984.0,2529.8,4249.1,10186.6,6644.7,17120.5,18320.1,14393.1,17913.6,35237.6,14216.2,14959.6,13909.3,47690.2
70019508,34382.6,10058.9,2902.1,3639.8,895.6,3087.5,11600.8,18412.1,15615.8,15437.9,28562.1,28564.6,46762.8,21359.6,17005.8,6860.9,18622.7,25512.7,10076.1,18694.8,20555.8,8820.5,6477.3,8770.4,5209.5,32467.3,27662.3,18475.7,3740.2,15882.2,19148.9,24827.1,36627.3,39438.0,20267.5,14358.2,21519.0,19166.0,26178.9,20372.8,15634.4,0.0,13746.2,16165.7,46021.7,25652.0,23866.0,15927.5,21391.4,16851.8,18932.3,38562.9,24901.3,19273.1,33651.6,16231.0,12173.9,46912.2,6363.1,18776.7,17719.9,15889.3,46447.2,17962.1,4663.0,10521.3,9363.2,5952.0,63481.4,4732.8,19218.1,11801.7,24802.2,9164.9,39919.5,17313.2,7755.8,12907.8,26366.0,20029.8,32576.0,9976.2,18718.9,11226.0,19496.2,3191.9,21501.0,11089.8,5474.5,17260.9,15590.9,15326.8,17552.4,39204.8,13235.0,10441.1,18984.8,45901.7,55227.0,19288.0,25543.6,25517.4,21697.5,14568.1,24827.2,4171.4,21907.2,16632.6,17759.7,18019.2,5254.2,12028.8,22569.2,8691.9,5005.8,19687.4,20672.6,25457.0,9575.6,22818.9,8958.1,20623.9,25044.7,7795.2,16425.0,19243.9,9738.6,12700.2,20067.1,7351.5,4258.8,25854.5,59236.6,22067.4,31532.5,4246.4,18933.6,20630.2,22365.5,4449.8,4635.0,10505.6,12585.1,5948.9,5438.7,5041.7,33505.3,8511.5,3520.6,27140.6,23370.0,20862.8,13426.1,4241.3,20755.2,23617.3,15798.3,14106.4,23207.3,9183.5,28753.8,12081.6,24250.4,4453.8,22877.2,24073.5,1687.2,2246.0,33872.3
70019519,41507.9,3522.3,11205.9,10873.1,13321.1,11129.6,4901.4,5712.7,2353.5,26955.5,17022.3,17024.7,53888.1,27178.7,6169.0,7577.6,5923.3,13972.9,19944.2,5995.5,8850.1,6375.1,7527.1,11009.3,12243.1,43984.9,34787.7,5776.4,13608.3,27399.9,12449.5,18127.7,48145.0,46563.4,31785.1,1013.8,14819.5,6466.6,37696.5,8667.1,3928.8,13888.3,0.0,2903.4,53147.1,14112.2,12326.2,6124.3,9685.7,6015.0,30449.9,31863.5,18201.8,30790.7,21672.1,7980.0,14308.9,54037.5,7977.6,30294.4,11020.4,23026.0,53572.6,29479.8,9999.6,16036.6,7206.2,14207.6,70606.8,9906.3,12518.6,3009.8,18102.8,6870.5,51437.1,5607.5,7828.5,6045.2,14386.5,31547.4,25876.5,11175.8,7013.2,18362.7,9184.5,11495.6,27320.1,18226.5,14507.0,5555.2,8891.4,8627.4,24689.0,50722.4,23103.1,6234.1,12285.3,39202.2,62352.3,7308.5,18844.1,18818.0,9991.8,4399.2,18127.7,9507.9,33424.8,5795.7,11060.2,6313.5,11237.9,2788.0,10863.5,7343.5,10211.0,6988.0,8967.0,36974.6,10775.3,36732.0,6335.8,26442.9,13065.3,9096.7,5588.2,6544.5,5531.7,6000.7,12162.4,9593.7,9690.8,13875.0,66361.9,10361.7,24833.1,11769.4,7227.9,26449.2,10659.9,11546.9,15903.5,15234.3,14720.1,14204.5,14623.4,9643.0,21525.8,12979.7,11043.6,15161.1,34887.6,8163.4,23766.2,11764.3,8768.0,11637.8,6253.5,7406.9,11501.7,6601.9,16774.4,18608.3,17551.0,15613.4,34394.8,18778.8,12659.4,11893.9,45390.0
70019525,44902.6,6619.3,14600.5,14267.8,14474.5,14524.3,8296.1,4944.4,1585.2,30350.2,15267.9,15270.3,57282.8,30573.3,5107.6,10972.2,5155.0,12218.5,23338.8,5227.1,8541.1,9769.8,10921.7,14134.0,15637.8,47379.6,38182.3,5008.0,17002.9,30794.5,12898.6,18586.7,51539.6,49958.0,35179.8,2216.6,15268.6,5698.3,41091.2,8358.2,5796.0,17283.0,2643.8,0.0,56541.7,12357.8,10571.8,5815.4,9376.8,5324.9,33844.6,32312.6,18651.0,34185.4,19048.0,6918.6,17154.9,57432.2,9374.9,33689.0,11469.5,26420.7,56967.2,32874.4,13394.2,18882.6,8144.7,17602.3,74001.5,13301.0,12967.7,6404.4,18561.8,10265.1,54831.8,5298.6,11223.2,9439.8,11762.4,34942.1,26335.5,14570.5,4763.4,21757.3,8875.6,14890.3,30714.8,21621.2,17901.7,2129.8,10665.1,10401.1,28083.7,54117.0,26497.7,9628.8,12734.5,39651.3,65747.0,4684.4,19293.2,19267.1,9682.8,3591.0,18576.8,12902.6,36819.4,4734.4,11509.3,4063.7,14632.5,6182.7,10554.6,9561.4,13605.7,6219.7,8658.0,40369.3,14169.9,40126.7,9730.5,29837.6,10441.1,12491.4,4526.9,5776.2,8926.3,9395.4,8463.8,12988.4,13085.5,11250.9,69756.6,10052.8,25292.1,15164.0,6919.0,29843.9,8410.0,14941.5,19298.1,18080.3,17566.1,17599.2,18018.1,13037.7,18901.7,16374.4,14438.3,12537.0,38282.3,7395.1,27160.8,15159.0,7706.6,9013.7,5944.6,9180.6,11192.7,9996.6,14150.2,22003.0,18000.1,19008.1,37789.4,18469.8,16054.1,15288.6,48784.6
70019527,16612.7,53880.0,45709.3,47855.0,47621.8,46132.8,52818.2,59629.4,56833.1,44056.3,73623.2,73625.7,11388.8,29889.1,62067.0,48078.3,59840.1,70573.9,40898.4,59912.2,61773.1,50037.9,49576.1,46995.4,45239.2,21405.5,31687.8,59693.1,45964.7,39714.3,54548.1,55374.3,26512.4,20133.3,33043.7,55575.5,53405.1,60383.3,49670.2,61590.2,54319.4,48189.1,54963.6,57383.0,0.0,70713.2,68927.2,54997.9,62608.8,61913.0,33399.2,71267.9,59272.5,49485.3,75226.2,61292.2,42992.2,11538.2,51957.8,34081.8,56237.3,35379.4,425.5,35017.1,48878.2,41410.1,54394.5,43010.6,22029.1,45750.4,54617.2,53019.1,55349.5,52294.8,33943.2,58530.6,48973.1,51129.0,67940.5,32474.8,63123.2,46799.2,59936.3,37947.6,58812.5,45372.9,30030.6,37708.8,43310.0,58478.3,54641.3,54377.2,37042.4,34680.3,38463.0,51658.5,54690.2,80272.9,19853.0,60862.6,59914.7,59888.6,62914.8,59629.2,59198.3,48386.6,35680.9,61693.7,56277.1,59236.6,45283.8,53246.2,63786.6,53755.1,49221.0,60904.7,61890.0,50362.6,46398.7,33632.1,50175.5,30152.8,66619.3,47379.9,61486.2,60461.2,50956.0,53917.5,65128.3,47408.1,46083.2,67429.0,14069.9,63284.8,62079.8,48461.6,60151.0,30159.1,63582.9,44458.2,46544.4,41394.3,44230.8,43007.5,43426.4,45386.0,75079.8,44460.5,47735.8,68715.1,35094.8,62080.2,40204.2,48456.5,65816.3,65191.8,54868.8,53156.8,64424.7,50400.9,70328.4,37972.5,58621.6,48524.7,30484.4,58444.6,45570.8,46285.8,41627.9
70019529,57387.6,16207.9,25911.4,26649.1,26312.6,26096.8,17884.7,18462.8,15103.6,37108.6,4096.1,4098.6,69767.8,44364.6,9212.7,20560.9,18673.4,1046.8,35850.6,18745.5,22059.5,19358.4,20510.4,23992.6,28213.0,54138.0,50667.3,18526.4,29514.7,37552.9,25432.8,31110.9,58298.0,62443.0,41938.2,13846.0,27802.8,19216.7,47849.6,21876.6,17760.0,26879.9,14011.8,12525.1,69026.7,0.0,1925.0,19333.8,22895.2,9058.7,40603.0,44846.8,31185.1,40943.8,17205.4,11650.6,27292.2,69917.2,17022.6,40447.4,24003.7,38894.3,69452.2,39632.8,22982.9,33524.8,15891.0,30086.2,86486.4,22889.6,25501.9,15993.0,31086.1,20232.6,61590.2,18817.0,20811.8,19028.4,14700.3,41700.5,38859.8,24159.1,14574.9,34231.0,22394.0,26201.2,44506.0,34094.8,30677.0,15650.5,21874.7,21610.7,40557.4,60875.4,39009.5,21275.6,25268.6,52185.5,78232.0,8702.7,31827.4,31801.3,23201.2,11202.6,31111.0,22491.2,43577.8,8986.7,24043.5,13875.2,28257.7,15771.3,20412.1,19759.7,21287.2,18828.9,22176.4,47127.7,23758.5,52611.7,19319.1,43628.9,13379.0,22080.0,9704.9,18602.4,18514.9,18984.0,5773.9,22577.0,22674.1,7367.0,82241.6,23571.2,37816.4,24981.1,20437.4,43635.2,9342.0,27453.3,30641.4,28217.6,27703.4,30083.1,30817.3,22626.3,18328.7,25963.0,26529.9,7251.1,45040.7,17558.7,39672.6,24986.2,6791.0,11965.5,19463.0,20390.2,24711.1,19585.2,17088.1,35086.6,30534.3,29478.4,44547.8,30357.3,28565.9,24919.4,55543.0
70019539,55545.6,14365.9,24069.4,24807.1,24470.6,24254.8,16042.7,16620.8,13261.6,35266.6,5255.2,5257.7,67925.8,42522.6,7370.7,18718.9,16831.4,2205.9,34008.6,16903.5,20217.5,17516.4,18668.4,22150.6,26371.1,52296.0,48825.3,16684.4,27672.7,35710.9,23590.8,29268.9,56456.0,60601.0,40096.2,12004.0,25960.8,17374.7,46007.6,20034.6,15918.0,25037.9,12169.8,10683.1,67184.7,2345.2,0.0,17491.8,21053.2,7216.7,38761.0,43004.8,29343.1,39101.8,18364.5,9808.6,25450.2,68075.2,15180.6,38605.4,22161.7,37052.3,67610.2,37790.8,21140.9,31682.9,14049.0,28244.2,84644.5,21047.6,23659.9,14151.0,29244.1,18390.6,59748.2,16975.0,18969.8,17186.4,15859.4,39858.5,37017.8,22317.1,12733.0,32389.0,20552.0,24359.2,42664.0,32252.9,28835.0,13808.5,20032.7,19768.7,38715.4,59033.5,37167.5,19433.6,23426.6,50343.5,76390.0,6860.7,29985.4,29959.3,21359.2,9360.6,29269.0,20649.2,41735.9,7144.8,22201.5,12033.2,26415.7,13929.3,22231.0,17917.7,19445.2,17071.0,20334.4,45285.7,21916.5,50769.7,17477.1,41786.9,14538.1,20238.0,7862.9,17452.6,16673.0,17142.0,3931.9,20735.0,20832.1,8526.1,80399.6,21729.2,35974.4,23139.2,18595.4,41793.2,10501.1,25611.3,28799.4,26375.6,25861.4,28241.1,28975.4,20784.3,19487.8,24121.0,24687.9,8410.2,43198.7,18717.8,37830.6,23144.2,4949.0,13124.7,17621.0,18548.2,22869.1,17743.2,18247.2,33244.6,28692.3,27636.4,42705.9,28515.3,26723.9,23077.4,53701.0
70019549,41429.0,8641.4,13604.7,13272.0,15719.9,13528.5,4544.2,5170.6,5501.4,28181.9,19275.6,19278.1,53809.2,27099.8,12192.9,10244.9,4440.1,18843.2,20991.4,4758.2,4340.3,7507.9,9803.2,9586.0,14519.2,45211.3,34708.8,4704.2,15884.4,28626.3,8697.8,14385.8,49371.4,46484.5,33011.5,6843.1,11067.8,4210.5,39972.6,4157.3,3171.6,16287.2,7270.4,6735.1,53068.2,18982.5,17196.5,0.0,5175.9,12038.9,31676.3,28111.8,14450.1,33066.8,17453.3,14003.9,12606.9,53958.6,14001.5,31520.7,7268.7,23056.3,53493.7,30706.2,12398.4,14334.6,13230.2,14878.1,70527.9,12182.4,8766.9,7229.7,14361.0,9146.6,53713.2,3059.3,10104.6,4908.5,9991.0,32773.8,22134.7,9050.0,7006.1,18683.9,4674.7,13894.5,27241.2,18445.1,15177.5,4459.3,4435.3,4171.3,24719.4,52998.5,24150.3,8510.2,8533.6,35450.5,62273.4,12535.4,15092.4,15066.3,5482.0,10423.2,14376.0,11906.8,35700.9,11819.6,7308.5,6306.3,13514.0,8251.4,6353.7,9619.6,12487.1,6445.9,4457.2,39250.7,10367.4,36653.1,8611.9,26364.0,13821.1,8880.5,11612.1,6002.4,7807.8,5115.8,15088.5,9117.5,11966.9,14630.8,66283.0,5851.9,21091.3,14168.2,2718.1,26370.3,10652.7,13823.0,18179.6,13532.3,13018.1,14875.0,15293.9,11919.1,17130.3,12394.8,13442.5,15916.9,37163.7,7000.8,24826.4,14163.2,14791.9,12393.6,129.2,3763.6,6991.9,7028.3,12378.8,18703.7,13799.2,17889.5,35621.2,14269.0,14935.5,14292.8,47666.1
70019554,49560.8,12190.8,19258.7,18926.0,21373.9,19182.4,11553.7,3142.9,8090.8,35008.4,17945.0,17947.5,61941.0,35231.5,14782.3,15630.4,2821.0,21432.6,27997.0,3196.4,1258.9,14428.0,15579.9,16643.7,20296.0,52037.8,42840.5,3469.9,21661.1,35452.7,11305.0,16993.1,56197.8,54616.2,39838.0,9432.5,13675.0,3089.0,45749.4,2566.7,8305.7,21941.2,9859.8,9324.5,61199.9,21571.9,19786.0,5466.8,0.0,14628.3,38502.8,27673.5,13742.7,38843.6,15354.8,16593.3,19664.7,62090.4,16590.9,38347.2,9875.9,31078.8,61625.4,37532.6,18052.4,21392.3,15819.6,21935.8,78659.6,17959.2,11374.1,11061.5,16968.2,14923.3,59490.0,5648.7,15881.4,11966.2,7892.6,39600.3,24741.9,16107.8,9595.5,26415.5,7281.9,19548.5,35373.0,26279.4,22235.2,7048.7,10017.8,10254.4,32741.9,58775.2,31155.9,14287.0,11140.8,35012.2,70405.2,15124.8,14385.0,14358.8,3855.0,13012.6,13668.6,17560.8,41477.6,14409.1,9915.7,8895.7,19290.7,10840.8,1656.2,15396.3,18263.8,4418.2,2830.2,45027.5,17425.1,44784.9,14388.7,34495.8,8623.9,15938.2,14201.5,3974.7,13584.5,12125.3,17677.9,16175.2,17743.7,13300.2,74414.8,4224.9,23698.5,19822.2,3509.2,34502.1,13242.1,19599.7,23956.3,20590.0,20075.8,21932.7,22351.6,17695.8,15031.9,19452.5,19096.4,14586.3,42940.5,4902.4,31819.0,19817.2,17381.3,14983.0,5596.0,9230.4,2294.3,14654.8,10280.4,25761.4,13179.6,23666.2,42447.6,12642.0,20712.3,19946.8,53442.8
70019576,48063.4,8488.2,16587.2,17324.9,16988.4,16772.6,10165.0,10743.0,7383.9,30140.5,13084.7,13087.2,60443.5,35040.3,827.1,12841.1,10953.7,10035.4,26526.3,11025.8,14339.8,11638.7,12790.6,16272.9,18888.8,55945.4,41343.1,10806.7,20190.4,30584.9,17713.1,23391.2,51330.0,53118.8,34970.2,6126.3,20083.1,11496.9,40881.5,14156.9,10040.3,17555.6,6292.1,4998.1,59702.5,10174.7,8388.7,11614.1,15175.5,0.0,33635.0,37127.1,23465.4,33975.7,21216.2,2418.4,19572.5,60592.9,9571.0,33479.4,16284.0,29570.1,60128.0,32664.8,15263.1,24200.6,6564.5,20762.0,77162.2,15169.9,17782.2,8273.3,23366.4,10896.6,54622.2,11097.3,13092.1,11308.7,13930.6,34732.5,31140.1,16439.4,9977.2,24906.8,14674.2,16876.9,35181.8,24770.6,21352.7,6965.3,14155.0,13890.9,31233.1,53907.4,29685.2,11497.7,17548.9,44465.8,68907.7,5026.2,24107.7,24081.6,15481.5,3263.8,23391.3,14771.5,36609.8,1461.2,16323.8,9277.4,16501.4,8051.6,16353.3,10423.6,13835.5,12018.4,14456.7,40159.6,16038.8,43287.4,11599.4,34304.6,12609.3,14360.3,2148.7,11574.8,10795.2,11264.3,6600.8,14857.3,14954.4,13419.1,72917.3,15851.5,30096.6,15656.9,12717.7,34310.9,10135.8,18129.0,21317.2,20497.9,19983.7,20758.9,21493.1,14906.6,21069.9,18243.3,17205.7,9814.3,38072.6,13727.1,30348.3,15661.9,3206.4,11181.9,11743.3,12670.5,16991.4,11865.5,16318.5,25762.3,22814.5,20154.2,37579.8,22637.6,19241.6,15595.2,48575.0
70029285,29602.7,29734.5,20940.9,21678.6,19042.7,21126.3,28122.0,34933.2,32136.9,4922.7,43576.8,43579.2,23331.4,17680.1,35152.9,23382.0,35143.8,40527.4,10976.2,35216.0,37076.9,25341.7,24879.9,23560.4,20552.8,14020.9,11760.7,34996.9,17434.0,5397.2,36422.3,37248.6,18180.9,16342.2,1821.1,30879.3,35279.3,35687.1,13040.6,36893.9,31099.1,18885.1,30267.3,32686.8,32964.9,40666.7,38880.7,31777.7,37912.5,34998.9,0.0,53142.2,41146.7,7781.2,50529.9,33770.5,22528.5,23480.8,24510.2,682.6,33550.0,16224.6,33390.4,1617.9,22701.8,20882.0,27401.9,18721.0,40091.8,21054.2,36491.4,28322.8,37223.7,27598.6,22475.8,33834.3,24276.9,27908.7,43244.3,1583.4,44997.4,23578.9,35240.0,18908.7,33360.8,20686.6,17442.2,18854.9,18243.6,33782.0,31421.0,31156.9,17887.7,23212.9,11539.9,26962.2,36564.4,62147.1,31837.3,36166.3,41789.0,41762.8,38218.6,32715.2,41072.6,22210.1,2740.1,34779.7,33589.8,34540.3,20597.5,28550.0,39090.3,26839.1,23044.5,36208.5,37193.8,13733.0,23178.4,10162.4,25479.3,18614.3,41923.0,24931.6,34572.2,35765.0,26259.8,29221.3,35081.8,23973.0,21386.9,42732.8,34353.8,38588.5,43954.0,22285.1,35454.7,18620.6,38886.7,19431.5,14894.4,20079.7,22939.7,18717.9,18207.7,20689.8,50383.6,21025.4,21559.4,44018.9,6200.0,37383.9,8235.8,22280.1,35769.8,40495.6,31648.5,29936.5,39728.5,25704.6,45632.1,19846.7,40495.8,17882.2,4430.8,40318.9,17199.9,20284.7,16356.0
70029798,58073.7,31592.6,36556.0,36223.2,38671.2,36479.7,27495.4,29195.9,32534.0,49903.9,43997.9,44000.4,70453.9,43744.4,36885.7,33196.2,28873.9,44689.6,42713.3,29249.4,25702.1,30459.1,32754.4,32537.2,37470.5,65955.7,51353.4,29522.9,38835.6,50348.2,19576.3,15990.1,71574.9,63129.1,54733.5,33875.8,20997.1,29142.0,62593.6,27009.9,28697.6,39238.5,32126.3,33767.7,69712.8,44828.9,43043.0,29910.0,26053.0,36731.7,53398.3,0.0,14892.8,55687.8,41407.8,38696.7,30485.3,70603.3,37487.9,53242.7,21265.5,39701.0,70138.3,52428.1,35349.7,32744.8,37923.1,37829.3,87172.5,35133.7,19645.5,30180.9,16110.1,32097.8,75869.7,30091.9,33055.9,27859.7,33945.5,54495.8,8144.7,30322.5,34038.7,34947.9,24990.3,36845.7,43885.9,34709.0,38128.7,31491.9,23755.8,23992.4,41364.0,75619.5,43527.6,31461.5,19718.4,9157.0,78918.1,38025.3,15535.0,15508.9,24303.9,35115.9,14818.6,34858.1,55652.5,36512.4,21305.4,33339.0,36465.2,30408.1,27230.8,32570.8,35438.3,30471.2,25334.2,61871.8,30624.9,53297.8,31563.2,43008.7,34676.9,31831.8,36304.9,30027.7,30759.0,28067.1,42879.1,32068.7,34918.2,39353.2,82927.7,23682.4,9327.9,37119.5,27952.4,43015.0,37685.3,36774.2,41130.8,33780.0,29076.9,37826.2,38245.1,34870.3,41084.8,35346.0,36393.7,40639.3,59784.7,30955.3,46548.3,37114.5,39484.7,39426.3,26894.1,26714.9,27868.9,29979.5,36333.4,34967.6,14843.4,40840.7,57343.1,14734.0,37886.8,37244.1,70287.1
70030492,46171.6,17892.0,22855.3,22522.6,24970.6,22779.1,13794.8,15579.1,18917.3,38001.8,30381.2,30383.7,58551.8,31842.3,23185.1,19495.5,15257.1,30989.0,30811.2,15632.6,12085.3,16758.5,19053.8,18836.6,23769.8,54053.6,39451.3,15906.1,25135.0,38446.1,5875.7,11513.2,59672.7,51227.0,42831.4,19037.6,7296.5,15525.2,49223.2,13393.1,14996.9,25537.8,18425.6,20151.0,57810.7,31128.3,29342.3,13322.7,12436.2,23031.1,41496.2,14821.9,0.0,42317.4,27791.0,24996.1,18583.2,58701.2,23787.3,41340.6,7564.9,27798.9,58236.2,40526.0,21649.1,20842.7,24222.5,24128.7,75270.4,21433.0,5944.8,16480.3,11488.3,18397.2,63967.6,16475.1,19355.3,14159.1,20328.8,42593.7,13744.1,18420.4,20421.9,23045.8,11289.7,23145.1,31983.8,22806.9,24428.1,17875.1,10055.2,10291.7,29461.9,62249.1,31625.5,17760.8,6017.8,22160.6,67016.0,24324.6,873.5,847.4,10687.1,21415.3,74.1,21157.4,43750.4,22811.8,7604.7,19722.2,22764.6,16707.4,13614.0,18870.2,21737.7,16854.4,11717.4,48501.3,18722.8,41395.7,17862.5,31106.6,21060.1,18131.1,22604.3,16410.9,17058.4,14366.4,29178.4,18368.1,21217.5,25736.4,71025.6,10065.6,12700.7,23418.8,14335.7,31112.9,24068.5,23073.6,27430.2,21877.9,17174.8,24125.6,24544.5,21169.7,27468.1,21645.4,22693.1,27022.5,46414.3,17338.5,34646.2,23413.8,25784.1,25809.5,13193.5,13014.2,14252.1,16278.9,22716.6,23065.5,1142.8,27140.1,45441.0,1458.4,24186.1,23543.4,56916.7
70030496,35303.2,30520.2,21726.5,22464.2,19828.3,21911.9,28907.6,35718.8,32922.5,6288.1,44362.4,44364.9,30947.4,19647.5,35938.6,24167.7,35929.4,41313.0,12920.9,36001.6,37862.5,26127.3,25665.5,25354.1,21338.4,21636.9,17860.0,35782.5,18219.7,10212.1,36455.7,39193.2,20512.0,23958.2,9437.1,31664.9,37223.9,36472.7,7224.7,37679.6,32941.2,19670.8,31053.0,33472.4,46942.4,41452.3,39666.4,33234.3,38698.2,35784.6,8101.9,55086.8,43091.3,0.0,51315.5,34556.1,24473.1,31096.8,25295.9,7946.3,35026.6,18169.3,47367.9,6538.7,23487.4,24829.0,28187.5,19506.6,43591.8,21839.8,36524.8,29108.5,39168.4,28384.2,21841.6,34620.0,25062.5,30214.6,44029.9,9199.4,46942.1,27304.9,36025.7,20853.4,36803.0,21472.2,19409.6,20799.6,19029.2,34567.6,32897.6,32633.6,19832.3,21126.8,13484.6,27747.9,36291.6,64091.7,38992.2,36952.0,43733.6,43707.5,39004.2,33500.8,43017.2,22995.8,6009.1,35565.3,35066.5,35326.0,21383.1,29335.6,39876.0,27624.7,23830.2,36994.1,37979.4,6183.9,26904.4,16025.0,26264.9,20581.7,42708.7,25717.2,35357.8,36550.6,27045.4,30006.9,35867.4,24671.3,22172.6,43518.4,41969.8,39374.2,45898.6,23070.8,36240.4,20588.0,39672.3,20217.1,15680.1,22024.4,24884.3,19503.5,18993.3,21475.4,51169.2,22819.2,22345.0,44804.5,6105.7,38169.6,10180.5,23065.7,36555.5,41281.2,33105.1,31413.1,40514.1,26490.2,46417.8,21791.3,42440.5,18667.8,12046.7,42263.5,17985.5,21070.4,15794.4
70030499,65459.6,24330.4,32311.6,31978.9,34384.6,32235.4,21335.9,12825.2,16525.9,48061.3,16316.6,16319.1,77839.7,52436.5,20270.8,28683.3,13757.6,17381.3,41049.9,13829.8,16239.7,27480.9,28632.9,26425.9,33348.9,65090.7,58739.3,13610.7,34714.0,48505.6,22742.5,28430.6,69250.7,70515.0,52890.9,17867.7,25112.5,14300.9,58802.3,17547.5,18087.9,34951.8,18294.9,19441.6,77098.7,17888.7,19139.1,16709.3,15229.9,20116.8,51555.7,42654.3,28723.5,51896.5,0.0,22535.2,29446.9,77989.1,26967.2,51400.1,21313.4,46966.3,77524.2,50585.5,31105.4,31174.5,23960.7,35313.4,94558.4,31012.1,22811.6,24115.5,28405.7,27976.3,72542.9,16891.1,28934.3,21748.4,7517.4,52653.2,36179.4,25890.0,19450.9,42303.0,18719.5,32601.4,52578.0,42166.8,35612.8,15483.8,21455.3,21691.9,48629.3,71828.1,44208.8,27339.9,22578.3,49993.1,86303.9,18425.6,29365.8,29339.7,18835.8,19943.5,28649.4,30613.7,54530.5,20044.8,21353.2,18751.2,32343.6,23893.8,13803.1,28449.2,31316.8,12219.9,17811.0,58080.4,27207.4,60683.6,27441.6,51700.8,8799.9,25720.5,20343.0,11993.4,26637.4,21907.5,22987.9,25957.4,30796.6,11671.8,90313.5,19205.8,35136.0,32875.1,14577.1,51707.1,14587.2,32652.6,37009.2,30372.3,29858.1,35310.3,35729.2,30748.8,1187.3,29234.8,32149.4,12957.9,55993.4,10949.7,44871.9,32870.1,21398.4,13223.2,16838.4,21472.6,15284.8,27707.7,5360.1,43158.5,28160.5,37550.4,55500.5,27622.8,33765.2,32991.4,66495.7
70030840,48174.5,8599.4,16698.4,17436.0,17099.5,16883.8,10276.1,10854.2,7495.1,30251.7,13231.5,13233.9,60554.7,35151.5,3023.8,12952.3,11064.8,10182.1,26637.5,11137.0,14451.0,11749.9,12901.8,16384.0,19000.0,56056.6,41454.3,10917.9,20301.6,30696.1,17824.2,23502.4,51441.2,53230.0,35081.3,6237.5,20194.3,11608.1,40992.7,14268.0,10151.4,17666.8,6403.2,5669.8,59813.7,10321.4,8535.4,11725.3,15286.6,4236.2,33746.1,37238.2,23576.6,34086.9,21327.4,0.0,19683.7,60704.1,9682.2,33590.5,16395.1,29681.3,60239.2,32776.0,15374.3,24311.8,6675.7,20873.1,77273.4,15281.1,17893.4,8384.5,23477.5,11007.8,54733.3,11208.4,13203.3,11419.9,14041.8,34843.6,31251.3,16550.6,10088.3,25017.9,14785.4,16988.1,35293.0,24881.8,21463.9,7637.0,14266.2,14002.1,31344.3,54018.6,29796.4,11608.9,17660.1,44577.0,69018.9,5172.9,24218.9,24192.7,15592.7,3374.9,23502.4,14882.7,36721.0,4016.9,16435.0,9388.6,16612.6,8162.7,16464.4,10534.8,13946.7,12129.5,14567.9,40270.8,16150.0,43398.6,11710.6,34415.8,12720.5,14471.5,3809.4,11686.0,10906.4,11375.5,6747.5,14968.5,15065.6,13530.3,73028.5,15962.6,30207.8,15768.1,12828.8,34422.1,10282.6,18240.2,21428.3,20609.0,20094.8,20870.1,21604.3,15017.7,21181.1,18354.4,17316.8,9961.0,38183.8,13838.3,30459.5,15773.1,3353.1,11293.1,11854.4,12781.7,17102.6,11976.7,16429.6,25873.5,22925.7,20265.3,37691.0,22748.8,19352.8,15706.4,48686.1
70031292,30028.6,13919.5,10771.3,10438.6,12886.5,10695.0,10615.8,17238.7,16791.8,20533.4,30713.4,30715.8,42408.8,15699.3,20259.3,8759.2,17449.3,28063.2,13342.8,17521.5,19382.4,9322.7,10549.4,5561.7,11349.2,37910.6,23308.3,17302.4,12110.9,20977.7,13710.9,14537.2,43529.7,35084.0,25363.0,16111.8,12567.9,17992.6,33223.1,19199.4,12902.6,13453.8,15499.9,17136.8,41667.7,28202.5,26416.6,13581.1,20218.0,20105.3,24027.8,30430.8,18435.3,26317.3,33865.7,22070.3,0.0,42558.1,17226.5,23872.2,15400.1,11655.9,42093.2,23057.6,9565.0,3466.1,19663.2,9156.8,59127.4,8739.3,13780.1,13555.4,14512.3,12620.2,46963.8,16139.8,9654.1,9712.2,26580.1,25125.3,22286.1,4860.7,18443.8,6902.7,15164.3,11482.9,15840.8,6663.9,9456.2,16087.5,13224.5,12960.4,13318.9,46249.0,15482.5,11983.9,13853.0,39435.7,50873.0,21398.9,19077.6,19051.5,20524.1,18489.6,18361.2,9073.4,26282.0,19886.0,15440.0,17744.1,11393.8,13782.5,21395.8,13093.2,12094.2,18514.0,19499.3,32501.3,5042.8,25252.6,10856.4,14963.6,25258.8,5963.1,19678.5,18070.5,11281.4,10660.8,26252.7,5857.9,8523.8,26068.6,54882.6,20894.0,21242.6,11334.8,17760.2,14969.9,22090.4,10567.4,13524.3,3957.4,2827.3,9153.7,9572.6,8448.7,33719.4,6673.5,10609.0,27354.7,30414.2,19689.4,17177.8,11329.8,22858.3,23831.4,13452.0,11740.0,22034.0,9628.1,28967.9,6922.5,17784.4,14634.0,27972.6,17607.5,11680.0,11459.4,40916.6
70033204,24742.8,53458.1,45287.4,47433.1,47200.0,45710.9,52396.4,59207.6,56411.3,28055.7,73201.4,73203.8,149.4,29467.3,61645.1,47656.4,59418.2,70152.0,40476.5,59490.4,61351.3,49616.0,49154.3,46573.6,44817.3,11139.2,22136.1,59271.3,45542.8,27522.9,54126.2,54952.5,17353.7,10576.1,22777.5,55153.7,52983.2,59961.5,38789.6,61168.3,53897.6,47767.2,54541.7,56961.2,10831.3,70291.3,68505.3,54576.1,62186.9,61491.1,23133.0,70846.1,58850.6,30914.2,74804.3,60870.3,42570.4,0.0,51535.9,23815.6,55815.4,34957.5,11256.8,24750.8,48456.3,40988.2,53972.6,42588.7,17226.8,45328.6,54195.3,52597.2,54927.6,51873.0,23062.6,58108.7,48551.3,50707.2,67518.7,22208.6,62701.3,46377.3,59514.4,37525.8,58390.7,44951.1,29608.7,37286.9,42888.1,58056.4,54219.4,53955.4,36620.5,23799.7,34737.6,51236.6,54268.3,79851.0,8972.4,60440.7,59492.9,59466.7,62493.0,59207.4,58776.5,47964.7,25414.7,61271.9,55855.3,58814.7,44862.0,52824.4,63364.7,53333.2,48799.1,60482.9,61468.1,39482.0,45976.8,21039.5,49753.6,29730.9,66197.4,46958.1,61064.3,60039.4,50534.1,53495.7,64706.4,46986.2,45661.3,67007.2,11488.9,62862.9,61657.9,48039.7,59729.1,29737.2,63161.1,44036.3,38027.4,40972.5,43808.9,42585.6,43004.5,44964.1,74658.0,44038.6,47313.9,68293.3,24828.6,61658.3,31368.8,48034.7,65394.5,64770.0,54446.9,52734.9,64002.9,49979.0,69906.5,37550.6,58199.7,48102.9,20218.1,58022.8,45148.9,45864.0,30747.3
70033231,38487.5,5492.7,7011.3,7749.0,6357.6,7196.7,9840.5,12187.6,8828.4,21290.1,19677.7,19680.1,50867.7,25464.5,10163.5,10970.1,12398.2,16628.3,16950.5,12470.4,15784.4,8533.7,6127.3,12879.6,9312.9,38319.5,31767.2,12251.3,10614.6,21734.4,17388.6,23066.8,42479.5,43542.9,26119.7,7570.8,19758.6,12941.5,32031.1,15601.4,11467.0,7270.6,7736.6,9378.4,50126.6,16767.6,14981.6,13058.6,16620.0,10009.5,24784.5,36802.6,23141.0,25125.3,26809.3,9871.4,16283.1,51017.0,0.0,24628.9,15959.5,19994.2,50552.1,23814.3,8772.2,14624.7,3794.7,11186.1,67586.3,8842.0,17457.7,6815.4,23041.9,5179.5,45771.7,12541.8,10296.3,10984.3,19523.7,25882.0,30815.6,14085.4,14551.4,15330.9,16118.8,7301.1,25605.9,15194.7,11776.8,12023.2,13830.5,13566.5,21657.2,45056.9,20109.4,6222.5,17224.5,44141.4,59331.9,12445.7,23783.2,23757.1,16926.1,7725.8,23066.8,8280.6,27759.3,9790.2,15999.4,13851.7,9357.6,7486.1,17797.8,4706.6,5525.7,13462.9,15901.2,31309.2,13684.8,33711.5,8803.6,24728.7,18202.4,11904.4,9582.7,13019.4,6784.4,10939.8,11182.7,11460.7,8368.0,19012.2,63341.5,17296.0,29772.2,5204.8,14162.2,24735.0,18000.8,8553.2,10519.3,14609.0,16694.3,11183.0,11917.2,9150.9,26663.0,12614.9,7629.8,20298.3,29222.2,14638.3,19278.2,5209.8,11870.8,16775.0,13187.8,12346.0,18436.0,8760.5,21911.5,16186.5,22490.1,9869.1,28729.3,22313.2,9665.8,6019.3,39724.5
70034005,32976.5,29375.2,20581.5,21319.2,18683.3,20766.9,27762.6,34573.8,31777.5,4563.4,43217.4,43219.9,23566.7,17320.8,34793.6,23022.7,34784.5,40168.1,10616.9,34856.6,36717.6,24982.3,24520.6,23201.0,20193.5,14256.2,11996.0,34637.5,17074.7,5037.9,36063.0,36889.2,18416.2,16577.5,2056.4,30519.9,34919.9,35327.8,13275.9,36534.6,30739.8,18525.8,29908.0,32327.5,33200.2,40307.4,38521.4,31418.3,37553.2,34639.6,721.2,52782.8,40787.4,7421.9,50170.6,33411.1,22169.2,23716.1,24150.9,0.0,33190.6,15865.3,33625.7,1258.5,22342.4,20522.6,27042.5,18361.7,40327.0,20694.8,36132.1,27963.5,36864.4,27239.2,22711.0,33475.0,23917.6,27549.4,42884.9,1818.7,44638.1,23219.6,34880.7,18549.4,33001.5,20327.2,17082.9,18495.6,17884.2,33422.7,31061.6,30797.6,17528.3,23448.2,11180.6,26602.9,36205.1,61787.8,32072.6,35807.0,41429.6,41403.5,37859.3,32355.9,40713.2,21850.8,2975.4,34420.3,33230.5,34181.0,20238.1,28190.6,38731.0,26479.7,22685.2,35849.2,36834.4,13968.3,22819.0,10397.7,25119.9,18254.9,41563.7,24572.3,34212.8,35405.7,25900.4,28862.0,34722.5,23613.7,21027.6,42373.4,34589.1,38229.2,43594.6,21925.8,35095.4,18261.2,38527.3,19072.1,14535.1,19720.4,22580.3,18358.6,17848.3,20330.4,50024.2,20666.1,21200.0,43659.5,6435.2,37024.6,7876.5,21920.8,35410.5,40136.3,31289.1,29577.2,39369.1,25345.3,45272.8,19487.3,40136.5,17522.8,4666.0,39959.5,16840.6,19925.4,16591.2
70042197,42473.1,10355.2,15318.5,14985.8,17433.7,15242.2,6258.0,8422.7,10551.8,29895.7,24326.0,24328.5,54853.3,28143.8,15648.2,11958.7,7692.2,23452.2,22705.2,8010.3,7592.4,9221.7,11517.0,11299.8,16233.0,50355.1,35752.9,7956.3,17598.2,30340.0,2026.7,8613.4,51085.1,47528.5,34725.3,11500.8,4396.7,7462.7,41686.4,7409.5,7460.1,18001.0,10888.8,11785.5,54112.3,23591.5,21805.5,5785.8,8428.1,15494.2,33390.1,21440.7,7779.0,34780.6,20705.4,17459.2,14320.7,55002.7,16250.5,33234.5,0.0,24100.4,54537.8,32419.9,14112.2,16048.4,16685.7,16591.9,71572.0,13896.2,2095.8,8943.5,8588.6,10860.4,55427.0,8109.7,11818.4,6622.3,13243.1,34487.6,16362.3,10763.8,12056.5,19347.3,3752.9,15608.3,28285.3,19108.4,16891.3,9509.7,2518.3,2754.9,25763.4,54712.3,25864.1,10224.0,1862.5,28779.4,63317.5,16787.8,8421.3,8395.2,8734.1,13878.5,7704.9,13620.6,37414.7,15275.0,39.8,11356.8,15227.8,9170.6,9605.9,11333.4,14200.9,9698.0,7709.3,40964.5,12081.2,37697.2,10325.7,27408.1,13974.4,10594.3,15067.5,9254.5,9521.6,6829.6,21641.6,10831.3,13680.7,19681.3,67327.1,9104.1,15318.8,15882.0,5970.3,27414.4,15703.1,15536.7,19893.4,15246.1,13476.3,16588.8,17007.7,13632.9,20382.4,14108.6,15156.2,20967.4,38877.5,10252.9,26540.2,15877.0,18247.2,17444.1,5656.7,5477.4,10244.0,8742.1,15631.0,19367.0,7128.2,19603.3,37335.0,6951.2,16649.3,16006.6,49379.8
70042874,21390.5,21518.1,13347.4,15493.1,15260.0,13770.9,20456.4,27267.6,24471.3,13311.6,41261.4,41263.9,33770.6,7061.2,29705.1,15716.4,27478.2,38212.0,6134.1,27550.4,29411.3,17676.0,17214.3,14884.1,12877.3,29272.5,14670.2,27331.3,12644.3,13755.9,22436.8,23263.0,34891.6,26445.9,18141.2,23213.7,21293.7,28021.5,26001.4,29228.3,22208.1,15827.3,22601.7,25021.2,33029.6,38351.3,36565.4,22886.6,30246.9,29551.1,16806.0,39156.6,27161.1,19095.6,42864.3,28930.4,10880.9,33920.0,19595.9,16650.4,24126.0,0.0,33455.1,15835.8,16516.3,9298.7,22032.6,10600.8,50489.3,13388.6,22505.9,20657.2,23238.2,19933.0,39186.4,26168.7,16611.3,19017.7,35578.7,17903.5,31011.9,14687.9,27574.4,5537.9,26701.2,13011.1,7202.6,5299.0,10900.2,26116.4,22530.0,22265.9,2278.1,39027.2,6091.4,19296.6,22578.9,48161.5,42234.8,28500.7,27803.4,27777.3,30553.0,27267.4,27087.0,16024.7,19060.2,29331.9,24165.8,26874.7,12922.0,20884.4,31424.7,21393.2,16859.1,28542.9,29528.2,25279.5,14287.3,16614.5,17813.6,6325.4,34257.4,17266.0,29124.4,28099.4,18594.1,21555.7,32766.4,15296.8,13721.3,35067.2,46244.4,30922.9,29968.4,16099.7,27789.1,6331.8,31221.1,12096.3,11780.1,9283.0,12119.5,10597.7,11016.6,13024.1,42718.0,12349.2,15373.9,36353.3,23192.5,29718.3,9956.1,16094.7,33454.5,32830.0,22757.4,21045.5,32062.9,18039.0,37966.5,5861.1,26510.3,14889.0,20750.8,26333.3,13208.9,13924.0,33694.8
70043035,16279.3,53546.5,45375.8,47521.5,47288.4,45799.3,52484.7,59295.9,56499.6,43722.8,73289.7,73292.2,11055.3,29555.7,61733.5,47744.8,59506.6,70240.4,40564.9,59578.7,61439.7,49704.4,49242.6,46661.9,44905.7,21072.0,31354.3,59359.6,45631.2,39380.8,54214.6,55040.9,26178.9,19799.8,32710.2,55242.0,53071.6,60049.9,49336.7,61256.7,53986.0,47855.6,54630.1,57049.6,435.0,70379.7,68593.7,54664.5,62275.3,61579.5,33065.7,70934.5,58939.0,49151.8,74892.7,60958.7,42658.7,11204.7,51624.3,33748.3,55903.8,35045.9,0.0,34683.6,48544.7,41076.6,54061.0,42677.1,21695.7,45416.9,54283.7,52685.6,55016.0,51961.3,33609.7,58197.1,48639.7,50795.5,67607.0,32141.3,62789.7,46465.7,59602.8,37614.1,58479.0,45039.4,29697.1,37375.3,42976.5,58144.8,54307.8,54043.7,36708.9,34346.8,38129.5,51325.0,54356.7,79939.4,19519.5,60529.1,59581.3,59555.1,62581.3,59295.8,58864.8,48053.1,35347.4,61360.2,55943.6,58903.1,44950.4,52912.7,63453.1,53421.6,48887.5,60571.3,61556.5,50029.2,46065.2,33298.6,49842.0,29819.3,66285.8,47046.4,61152.7,60127.8,50622.5,53584.1,64794.8,47074.6,45749.7,67095.5,13736.5,62951.3,61746.3,48128.1,59817.5,29825.6,63249.4,44124.7,46210.9,41060.8,43897.3,42674.0,43092.9,45052.5,74746.3,44127.0,47402.3,68381.6,34761.4,61746.7,39870.7,48123.1,65482.8,64858.4,54535.3,52823.3,64091.2,50067.4,69994.9,37639.0,58288.1,48191.2,30150.9,58111.2,45237.3,45952.4,41294.4
70043250,31967.0,28365.7,19572.1,20309.8,17673.9,19757.5,26753.2,33564.4,30768.1,3553.9,42207.9,42210.4,24569.7,16311.3,33784.1,22013.2,33775.0,39158.6,9607.4,33847.2,35708.1,23972.8,23511.1,22191.5,19184.0,15259.2,10371.2,33628.1,16065.2,4028.4,35053.5,35879.8,19419.2,17580.5,3059.4,29510.5,33910.5,34318.3,11652.1,35525.1,29730.3,17516.3,28898.5,31318.0,34203.2,39297.9,37511.9,30408.8,36543.7,33630.1,1724.2,51773.4,39777.9,6518.4,49161.1,32401.7,21159.7,24719.1,23141.4,1568.6,32181.2,14855.8,34628.7,0.0,21333.0,19513.2,26033.1,17352.2,41330.0,19685.4,35122.6,26954.0,35854.9,26229.8,23714.1,32465.5,22908.1,26539.9,41875.5,2821.7,43628.6,22210.1,33871.2,17539.9,31992.0,19317.7,16073.4,17486.1,16874.8,32413.2,30052.2,29788.1,16518.8,24451.2,10171.1,25593.4,35195.6,60778.3,33075.6,34797.5,40420.2,40394.0,36849.8,31346.4,39703.7,20841.3,3978.4,33410.9,32221.0,33171.5,19228.7,27181.2,37721.5,25470.3,21675.7,34839.7,35825.0,12344.5,21809.6,8536.2,24110.4,17245.4,40554.2,23562.8,33203.4,34396.2,24890.9,27852.5,33713.0,22604.2,20018.1,41364.0,35592.1,37219.7,42585.2,20916.3,34085.9,17251.7,37517.9,18062.7,13525.6,18710.9,21570.9,17349.1,16838.9,19320.9,49014.8,19656.6,20190.6,42650.1,7438.2,36015.1,6867.0,20911.3,34401.0,39126.8,30279.7,28567.7,38359.7,24335.8,44263.3,18477.9,39127.0,16513.3,5669.0,38950.1,15831.1,18915.9,19345.5
70043420,35956.2,5843.0,2877.7,2275.9,4723.9,2801.4,7276.8,14088.1,11291.7,20105.4,25034.9,25037.4,48336.4,20665.0,14181.6,3679.3,14298.7,21985.6,13430.5,14370.8,16231.8,4496.5,2314.4,5588.8,5729.5,37134.7,29236.0,14151.7,7094.6,20549.7,14824.9,20503.1,41294.8,41011.7,24935.0,10034.1,17195.0,14842.0,30846.4,16048.8,11310.4,5291.1,9422.2,11841.7,47595.4,22124.9,20338.9,11603.5,17067.4,14027.6,23599.8,34238.9,20577.3,23940.5,29684.8,15992.6,8992.4,48485.8,9063.8,23444.2,13395.9,17463.0,48020.9,22629.6,0.0,11132.6,11500.5,7694.0,65055.1,2537.6,14894.1,7477.7,20478.2,3829.7,44587.0,12989.2,3431.8,9726.3,22399.2,24697.3,28252.0,6794.6,14394.9,12799.7,15172.2,3167.4,20806.5,12663.5,7993.4,12936.9,11266.9,11002.8,19126.0,43872.2,16589.4,4694.4,14660.8,41577.7,56800.6,15321.2,21219.6,21193.4,17373.5,12411.9,20503.2,1146.4,26574.6,13808.4,13435.7,13695.2,4724.2,7704.8,18245.2,4142.2,2624.4,15363.4,16348.6,30124.5,6394.1,31180.3,3647.5,19929.3,21077.9,4613.6,13600.9,14919.9,5414.6,8376.2,17428.5,4170.0,2063.6,21887.7,60810.2,17743.4,27208.5,3172.1,14609.6,19935.6,18041.5,5033.2,9052.7,9917.7,9403.5,7690.9,8109.8,3129.4,29538.5,7175.1,2446.4,23173.8,28037.4,16538.8,17252.5,3167.1,16780.6,19650.5,11474.3,9782.4,18883.3,4795.0,24787.0,13655.2,19926.4,7889.6,27544.6,19749.5,6145.8,3296.7,38539.8
70081032,28507.2,16935.6,8214.8,10362.8,10129.6,8277.3,11374.2,17997.1,19337.9,17870.3,36133.7,36136.2,40887.4,14177.9,22227.8,10583.0,18207.7,33084.4,10679.7,18279.9,20140.8,10081.1,12080.9,6320.2,7744.7,36389.3,21787.0,18060.8,8663.2,18314.6,15946.6,16772.8,42008.4,33562.6,22699.9,18080.3,14803.6,18751.0,31869.7,19957.8,13661.0,10696.9,17468.4,19887.8,40146.4,33223.6,31437.7,14339.5,20976.5,22073.8,21364.7,32666.4,20671.0,24963.9,34624.1,23802.7,3371.2,41036.8,14468.3,21209.1,16111.9,10134.5,40571.9,20394.5,10197.3,0.0,16904.9,5709.1,57606.1,8255.2,16015.7,15523.8,16748.0,14799.6,45610.3,16898.3,11477.9,10470.6,27338.5,22462.2,24521.7,6140.8,19202.2,5381.4,15922.7,7878.4,14319.4,5142.5,6008.6,16845.9,13982.9,13718.8,11797.5,44895.5,13961.1,14163.2,16088.7,41671.4,49351.6,23367.3,21313.2,21287.1,21282.5,22139.7,20596.8,9705.6,23618.9,21854.5,16151.7,18502.5,7789.3,15751.0,22154.3,15272.6,11728.7,19272.4,20257.7,31147.8,5740.3,23731.3,12680.3,13442.2,26017.2,6721.5,21647.0,18828.9,13460.8,11419.2,27638.8,6616.3,8587.9,26827.0,53361.2,21652.5,23478.3,9981.3,18518.6,13448.5,22848.8,6963.0,10076.6,1035.2,5501.6,5706.1,6124.9,7890.8,34477.8,5581.4,10243.6,28113.1,29060.8,20447.8,14514.7,9976.3,24826.8,24589.8,14210.4,12498.4,22792.4,10386.5,29726.3,5401.1,20020.1,11029.5,25309.5,19843.2,8075.5,8793.6,39563.1
70081671,40539.5,6295.8,9063.3,9801.0,8409.6,9248.7,10951.7,11547.7,8188.5,23882.7,17314.7,17317.2,52919.7,27516.4,7677.6,13022.1,11758.3,14265.4,19002.5,11830.4,15144.4,10529.5,8143.0,14931.6,11364.9,40912.1,33819.2,11611.3,12666.6,24327.0,18499.8,24178.0,45072.1,45594.9,28712.3,6930.9,20869.8,12301.6,34623.7,14961.5,10827.0,9322.6,7096.7,8738.4,52178.6,14404.7,12618.7,12418.7,15980.1,7523.6,27377.1,37913.8,24252.2,27717.9,24323.4,7508.4,18335.1,53069.0,3313.1,27221.5,17070.7,22046.2,52604.1,26406.9,10824.2,16676.7,0.0,13238.1,69638.3,10894.0,18568.9,6858.7,24153.1,7175.4,48364.3,11901.9,12292.1,12095.5,17037.8,28474.6,31926.8,16137.4,13084.3,17382.9,15478.9,9353.1,27657.9,17246.7,13828.8,11383.2,14941.7,14677.7,23709.2,47649.5,22161.4,8218.3,18335.7,45252.6,61383.9,9959.8,24894.4,24868.3,16286.1,5239.9,24178.0,10332.5,30351.9,7304.3,17110.6,12384.6,11409.6,7529.3,17157.9,6702.4,7577.7,12823.0,15261.3,33901.8,15736.8,35763.5,10799.4,26780.7,15716.5,13956.4,7096.8,12379.5,8780.2,12051.0,8819.8,13512.7,10420.0,16526.3,65393.5,16656.1,30883.4,7256.7,13522.3,26787.0,15514.9,10605.2,13111.9,16661.0,18746.3,13235.0,13969.2,11202.9,24177.1,14666.9,9681.8,17812.4,31814.8,13998.4,21870.8,7261.8,9507.8,14289.1,12547.9,13457.2,17796.0,10756.3,19425.6,18238.5,23601.3,11889.1,31321.9,23424.3,11717.7,8071.3,42317.1
70082414,29383.5,14010.5,5289.7,7437.7,7204.5,5352.2,12397.9,18694.5,16412.8,15596.5,33208.6,33211.1,41763.7,15054.2,19302.7,7658.0,18905.1,30159.3,8585.1,18977.2,20838.2,9617.6,9155.8,5931.6,4819.6,32625.9,22663.3,18758.2,3131.0,16040.8,18238.3,23885.8,36785.9,34439.0,20426.1,15155.2,21916.5,19448.4,26337.5,20655.2,14358.4,7330.4,14543.3,16962.7,41022.7,30298.6,28512.6,15036.9,21673.8,19148.7,19090.9,37652.3,23990.7,19431.7,34805.8,20877.6,8289.2,41913.1,11543.2,18935.3,16809.2,11010.8,41448.2,18120.7,7272.2,5406.5,13979.8,0.0,58482.4,5330.1,18307.4,12598.8,23860.9,11874.5,40078.1,17595.6,8552.8,11168.0,27520.2,20188.4,31634.6,7882.4,19516.0,6255.5,16620.1,4953.3,15195.7,6016.6,895.0,17543.3,14680.2,14416.2,12673.8,39363.3,11744.0,11238.2,18074.2,44991.1,50227.9,20442.3,24632.9,24606.8,21979.9,19214.6,23916.5,6780.5,22065.7,18929.4,16849.1,18816.3,4864.3,12825.9,22851.6,12347.5,8803.7,19969.8,20955.0,25615.6,7481.8,24607.6,9755.2,14318.5,26199.0,7146.7,18721.9,19526.3,10535.7,12116.6,24713.7,6344.3,5662.9,27008.7,54237.5,22349.8,30591.2,7056.2,19216.0,14324.8,23162.6,4037.9,4544.4,5390.8,8700.4,3.1,842.4,4965.7,34659.5,3396.6,7318.5,28294.8,23528.6,21145.2,12407.1,7051.2,21901.7,24771.5,14907.7,13195.7,23489.8,9980.6,29908.1,6483.9,23339.8,6544.6,23035.7,23162.8,5150.5,5868.5,34030.9
70083097,37124.1,70027.0,61856.3,64002.0,63768.9,62279.8,68965.2,75776.5,72980.1,44666.2,89770.3,89772.7,17077.1,46036.2,78214.0,64225.3,75987.1,86720.9,57045.4,76059.2,77920.2,66184.9,65723.2,63142.4,61386.2,27749.8,38705.0,75840.1,62111.7,44091.8,70695.1,71521.4,25153.3,27145.0,39388.0,71722.5,69552.1,76530.4,38082.5,77737.2,70466.5,64336.1,71110.6,73530.1,21366.5,86860.2,85074.2,71145.0,78755.8,78060.0,39743.5,87415.0,75419.5,43869.1,91373.2,77439.2,59139.3,17226.4,68104.8,40426.1,72384.3,51526.4,21792.0,41361.4,65025.2,57557.1,70541.5,59157.6,0.0,61897.4,70764.2,69166.1,71496.5,68441.8,22355.4,74677.6,65120.2,67276.1,84087.6,38819.1,79270.2,62946.2,76083.3,54094.7,74959.5,61519.9,46177.6,53855.8,59457.0,74625.3,70788.3,70524.3,53189.4,23092.6,51306.5,67805.5,70837.2,96419.9,10376.0,77009.6,76061.8,76035.6,79061.9,75776.3,75345.3,64533.6,42025.2,77840.7,72424.1,75383.6,61430.9,69393.2,79933.6,69902.1,65368.0,77051.8,78037.0,38774.9,62545.7,37608.4,66322.5,46299.8,82766.3,63526.9,77633.2,76608.3,67103.0,70064.6,81275.3,63555.1,62230.2,83576.1,5618.2,79431.8,78226.8,64608.6,76298.0,46306.1,79729.9,60605.2,54637.9,57541.3,60377.8,59154.5,59573.4,61533.0,91226.9,60607.5,63882.8,84862.2,43704.7,78227.2,47979.3,64603.6,81963.4,81338.9,71015.8,69303.8,80571.8,66547.9,86475.4,54119.5,74768.6,64671.7,36828.7,74591.7,61717.8,62432.9,30040.2
70083842,32111.2,9694.8,2029.4,2599.4,5231.2,1953.2,8082.3,14893.5,12097.2,17558.7,25840.3,25842.8,44491.3,17781.9,14987.0,3342.3,15104.1,22791.0,10547.4,15176.3,17037.2,5301.9,4840.2,3748.0,2846.3,34588.1,25390.9,14957.2,4211.5,18003.1,15630.4,21308.5,38748.2,37166.6,22388.4,10839.6,18000.4,15647.4,28299.7,16854.2,12115.9,5798.5,10227.6,12647.1,43750.3,22930.3,21144.3,12408.9,17872.8,14833.1,21053.2,35044.4,21382.7,21393.9,30490.2,16798.1,7266.3,44640.7,9569.9,20897.6,14201.3,13629.2,44175.8,20083.0,2387.8,8249.5,12006.5,4810.8,61210.0,0.0,15699.5,8283.1,21283.7,7558.9,42040.3,13794.6,4237.2,9389.3,23204.6,22150.7,29057.4,5698.9,15200.3,8965.9,15977.6,2980.1,17923.3,8829.7,5110.3,13742.3,12072.3,11808.3,15292.2,41325.6,13706.3,6922.5,15466.2,42383.1,52955.5,16126.6,22025.0,21998.9,18178.9,13217.3,21308.6,1896.2,24028.0,14613.8,14241.1,14500.6,1841.1,8510.3,19050.6,8031.9,3965.4,16168.8,17154.1,27577.8,5298.3,27335.2,5439.5,17046.1,21883.3,4891.9,14406.3,15725.3,6220.0,9181.6,22740.4,3846.0,867.6,22693.1,56965.1,18548.8,28013.9,3206.0,15415.0,17052.4,18847.0,2150.1,6506.7,8233.7,7677.5,4807.7,5226.6,142.0,30343.9,5252.9,2480.2,23979.2,25490.8,17344.2,14369.4,3201.0,17586.0,20455.9,12279.7,10587.8,19688.8,5664.9,25592.4,9211.5,20731.9,6216.6,24998.0,20554.9,3262.6,3895.2,35993.2
70084418,41493.4,11964.3,16927.6,16594.9,19042.8,16851.3,7867.1,10031.8,12160.9,33323.6,25935.1,25937.6,53873.6,27164.1,17257.3,13567.8,9301.3,25061.3,26133.0,9619.4,9201.5,10830.8,13126.1,12908.9,17842.1,49375.4,34773.1,9565.4,19207.2,33767.9,248.2,6835.0,54994.6,46548.8,38153.2,13109.8,2618.3,9071.8,43295.5,9018.5,9069.2,19610.1,12497.9,13394.6,53132.5,25200.6,23414.6,7394.9,10037.1,17103.3,36818.0,19662.2,6000.6,36389.7,22314.5,19068.3,13905.0,54023.0,17859.6,36662.4,1637.2,23120.7,53558.0,35847.8,15721.3,16164.5,18294.8,18200.9,70592.3,15505.3,0.0,10552.5,6810.1,12469.5,57036.1,9718.8,13427.5,8231.3,14852.2,37915.5,14583.9,12372.9,13665.6,18367.6,5362.0,17217.4,27305.6,18128.7,18500.4,11118.8,4127.4,4364.0,24783.7,56321.4,26947.3,11833.1,90.1,27001.0,62337.8,18396.9,6642.9,6616.7,10343.2,15487.6,5926.5,15229.7,39023.8,16884.1,1677.0,12965.8,16836.8,10779.7,11214.9,12942.5,15810.0,11307.1,9318.4,42573.6,13690.3,36717.5,11934.8,26428.4,15583.5,12203.4,16676.6,10863.6,11130.6,8438.7,23250.7,12440.4,15289.8,21290.4,66347.4,10713.1,13540.4,17491.1,7579.3,26434.7,17312.2,17145.8,21502.4,16855.2,12496.6,18197.9,18616.8,15242.0,21991.5,15717.7,16765.3,22576.4,40486.6,11862.0,29968.1,17486.1,19856.3,19053.2,7265.8,7086.5,11853.1,10351.2,17240.1,18387.3,5349.7,21212.4,40762.8,5172.8,18258.4,17615.7,50988.9
70084927,39755.1,1502.3,9453.0,9120.3,11568.3,9376.8,3151.4,8081.9,5241.2,25202.7,19020.6,19023.1,52135.3,25425.8,8167.3,5824.7,8292.5,15971.2,18191.3,8364.7,10225.6,4622.3,5774.3,9256.5,10490.3,42232.1,33034.9,8145.6,11855.4,25647.0,10699.5,16377.7,46392.1,44810.5,30032.3,3983.6,13069.6,8835.8,35943.7,10042.6,5304.3,12135.5,3407.9,5791.1,51394.2,16110.5,14324.5,7499.9,11061.3,8013.3,28697.1,30113.5,16451.9,29037.9,23670.4,9978.3,12556.1,52284.7,6750.3,28541.5,9270.4,21273.2,51819.8,27726.9,8246.8,14283.7,7292.1,12454.8,68854.0,8153.5,10768.6,0.0,16352.8,2486.1,49684.3,6983.1,6075.7,4295.2,16384.8,29794.6,24126.6,9423.0,8388.8,16609.9,11046.8,9742.8,25567.3,16473.7,12754.2,6930.7,7141.5,6877.4,22936.2,48969.5,21350.2,3203.8,10535.4,37452.3,60599.5,9306.8,17094.2,17068.0,11367.3,5663.9,16377.7,7755.1,31671.9,7794.0,9310.3,7689.0,9485.0,670.7,12239.1,2642.8,8458.2,9357.2,10342.5,35221.8,9022.4,34979.2,4583.0,24690.1,15063.6,7343.9,7586.5,8913.7,3778.8,4250.7,14873.6,7840.9,7938.0,15873.3,64609.1,11737.3,23083.1,10016.5,8603.4,24696.4,12035.4,9794.0,14150.6,13481.5,12967.3,12451.7,12870.6,7890.2,23524.1,11226.9,9290.8,17159.4,33134.8,10532.6,22013.3,10011.5,10766.3,13636.1,7348.9,5657.0,12877.2,4849.1,18772.7,16855.5,15801.0,13860.6,32642.0,15624.1,10906.6,10141.1,43637.1
70084983,42150.8,17600.3,22563.7,22230.9,24678.9,22487.4,13503.1,15682.1,17811.2,33981.0,31585.4,31587.9,54531.0,27821.5,22893.4,19203.8,14951.6,30697.3,26790.4,15269.7,14851.8,16466.8,18762.1,18544.9,23478.1,50032.8,35430.6,15215.7,27042.0,34425.3,6651.2,120.0,55652.0,47206.3,38810.6,18745.9,5508.2,14722.1,46670.8,14668.9,14705.2,25246.1,18134.0,19044.9,53789.9,30836.6,29050.6,13031.0,15687.5,22739.4,37475.4,16110.1,11375.6,39764.9,27964.8,24704.4,14562.4,54680.4,23495.6,37319.8,8340.4,23778.1,54215.4,36505.2,21357.4,16821.9,23930.8,24087.9,71249.7,21141.4,6720.4,16188.6,0.0,18105.5,59946.8,15369.1,19063.6,13867.4,20502.5,38572.9,7965.3,14399.7,19315.9,19025.0,11012.3,22853.4,27963.0,18786.1,24387.3,16769.1,9763.5,10000.1,25441.1,59696.6,27604.7,17469.2,6793.3,25267.1,62995.2,24032.9,12017.9,11991.8,15993.5,21123.6,11301.5,20865.7,39729.6,22520.1,8380.3,18616.2,22472.9,16415.8,16865.3,18578.5,21446.0,16957.4,14968.7,45948.9,14702.0,37374.9,17570.9,27085.8,21233.8,17839.4,22312.6,16513.9,16766.7,14074.7,28886.8,18076.4,20925.9,26940.7,67004.8,16363.5,6921.9,23127.2,13229.7,27092.1,22962.5,22781.9,28455.4,17857.1,13154.0,24084.8,24503.7,20878.0,27641.8,20096.3,22401.4,28226.8,43861.9,17512.3,30625.5,23122.1,25492.4,24703.5,12901.8,12722.6,17503.4,15987.2,22890.4,19044.7,10724.8,26848.4,41420.2,10547.8,23894.5,23251.7,54364.2
70126798,38796.1,2440.6,8494.0,8161.3,10609.3,8417.8,5020.0,11831.2,9034.9,24243.7,22873.2,22875.6,51176.3,24466.9,11316.9,4865.8,12041.9,19823.8,17232.3,12114.0,13975.0,3354.1,1983.6,8266.9,9531.3,41273.1,32075.9,11894.9,10896.5,24688.1,12568.1,18246.3,45433.2,43851.6,29073.3,7777.3,14938.2,12585.2,34984.7,13792.0,9053.6,11176.5,7165.4,9584.9,50435.3,19963.1,18177.1,9346.7,14810.6,11162.9,27738.1,31982.1,18320.5,28078.9,27428.0,10542.1,11287.9,51325.7,5390.1,27582.6,11139.0,20314.2,50860.8,26768.0,3837.8,13015.6,7052.0,11495.8,67895.0,7194.5,12637.3,2706.7,18221.4,0.0,48725.3,10732.4,5116.7,5276.1,20142.3,28835.6,25995.2,7905.8,12138.1,15650.9,12915.4,8783.8,24608.3,15514.7,11795.2,10680.1,9010.1,8746.0,21977.2,48010.6,20391.2,1042.9,12404.0,39320.9,59640.5,13064.4,18962.8,18936.6,15116.6,8879.2,18246.4,6796.1,30713.0,10943.7,11178.9,11438.4,8526.1,5448.0,15988.4,473.0,5182.1,13106.6,14091.8,34262.8,8063.5,34020.2,3624.0,23731.1,18821.1,6384.9,10736.1,12663.1,1604.8,6119.4,14378.2,6881.9,6979.0,19630.8,63650.1,15486.6,24951.7,5332.0,12352.8,23737.4,15784.7,8835.0,13191.7,12213.3,11699.1,11492.7,11911.6,6931.2,27281.6,10267.9,8331.8,20916.9,32175.8,14282.0,21054.3,5327.0,15066.3,17393.6,9217.5,7525.6,16626.5,3580.9,22530.2,15896.5,17669.6,12901.6,31683.0,17492.7,9947.6,9182.1,42678.1
70130197,31637.0,50831.3,42037.6,42775.3,40139.4,42223.0,49218.7,56029.9,53233.6,26599.2,64673.5,64675.9,23027.1,35070.9,56249.7,44478.8,56240.5,61624.1,33232.0,56312.7,58173.6,46438.4,45976.6,45665.2,41649.5,11688.1,25852.7,56093.6,38530.8,28229.9,56766.8,59504.3,5326.2,14009.4,22477.2,51976.0,57535.0,56783.8,15727.1,57990.7,53252.3,39981.9,51364.1,53783.5,33350.2,61763.4,59977.4,53545.4,59009.3,56095.7,22832.7,75397.9,63402.4,21513.7,71626.6,54867.2,44784.2,23176.5,45607.0,23515.3,55337.7,38480.4,33775.7,24450.6,43798.5,45140.1,48498.6,39817.7,22566.4,42150.9,56835.9,49419.5,59479.5,48695.3,0.0,54931.1,45373.6,50525.7,64341.0,21908.3,67253.2,47616.0,56336.8,41164.5,57114.1,41783.3,35212.3,41110.7,39340.3,54878.7,53208.7,52944.7,40143.4,737.1,33795.7,48059.0,56602.7,84402.8,17966.7,57263.0,64044.7,64018.6,59315.3,53811.9,63328.3,43306.8,23899.1,55876.4,55377.5,55637.1,41694.2,49646.7,60187.1,47935.8,44141.3,57305.2,58290.5,16419.5,47215.5,24254.4,46576.0,35334.5,63019.8,46028.3,55668.9,56861.7,47356.5,50318.0,56178.5,44982.4,42483.6,63829.5,28410.1,59685.3,66209.7,43381.8,56551.5,35340.8,59983.4,40528.2,35991.2,42335.5,45195.4,39814.6,39304.4,41786.5,71480.3,43130.3,42656.1,65115.6,21349.3,58480.7,30491.6,43376.8,56866.6,61592.3,53416.2,51724.2,60825.2,46801.3,66728.9,42102.4,62751.6,38978.9,19917.9,62574.6,38296.6,41381.5,7684.8
70130674,45500.7,8130.7,15198.6,14865.8,17313.8,15122.3,7032.6,3193.8,2663.5,30948.3,16437.7,16440.2,57880.9,31171.4,9355.0,11570.3,3404.4,16005.3,23936.9,3476.5,6560.2,10367.9,11519.8,12122.7,16235.8,47977.7,38780.4,3257.4,17601.0,31392.6,10917.6,16605.7,52137.7,50556.1,35777.9,4005.3,13287.7,3947.7,41689.3,6377.2,3784.7,17881.1,4432.5,3897.2,57139.8,16144.6,14358.7,3834.4,5756.3,9201.0,34442.7,30331.6,16670.0,34783.4,19590.1,11166.0,15143.6,58030.2,11163.6,34287.1,9488.6,27018.7,57565.3,33472.5,13992.3,16871.3,10392.3,18200.4,74599.5,13899.1,10986.8,7001.3,16580.9,10863.2,55429.9,0.0,11821.3,7445.2,12304.5,35540.2,24354.6,11586.7,4168.2,22355.4,6894.6,15488.4,31312.9,22219.2,18499.8,1621.4,8653.9,8389.8,28681.7,54715.1,27095.8,10226.9,10753.5,37670.4,66345.1,9697.5,17312.3,17286.1,7701.9,7585.3,16595.9,13500.7,37417.5,8981.8,9528.4,3468.5,15230.6,6780.7,8573.6,11336.2,14203.7,4469.1,6677.0,40967.4,12904.1,40724.7,10328.6,30435.7,10983.2,11417.2,8774.3,4025.6,9524.4,7604.3,12250.6,11654.2,13683.6,11793.0,70354.7,8071.8,23311.1,15762.1,4938.0,30442.0,7814.8,15539.6,19896.2,16069.0,15554.8,18197.3,18616.2,13635.7,19443.8,14931.5,15036.3,13079.1,38880.3,5644.5,27758.9,15757.1,11954.0,9555.8,3963.6,7169.4,9211.8,10594.7,14692.3,21240.4,16019.1,19606.1,38387.5,16488.8,16652.2,15886.7,49382.7
70130675,36773.1,5457.6,6471.0,6138.2,8586.2,6394.7,3845.1,10656.3,7860.0,22220.7,21603.1,21605.6,49153.3,22443.8,10749.9,2842.7,10866.9,18553.8,15209.3,10939.1,12800.0,1419.8,2393.6,5276.0,7508.2,39250.1,30052.8,10720.0,8873.4,22665.0,11393.2,17071.3,43410.1,41828.5,27050.3,6602.4,13763.2,11410.2,32961.7,12617.0,7878.7,9153.5,5990.4,8409.9,48412.2,18693.1,16907.1,8171.7,13635.6,10595.9,25715.1,30807.2,17145.5,26055.8,26253.0,12560.9,10102.2,49302.6,8711.8,25559.5,9964.1,18291.1,48837.7,24744.9,5264.7,11829.8,10373.7,9472.8,65871.9,5171.5,11462.3,4045.9,17046.5,3321.7,46702.3,9557.4,0.0,4988.8,18967.4,26812.6,24820.2,6720.1,10963.1,13627.8,11740.4,6760.8,22585.3,13491.6,9772.2,9505.1,7835.1,7571.1,19954.1,45987.5,18368.2,2685.3,11229.0,38145.9,57617.5,11889.4,17787.8,17761.7,13941.7,8980.1,17071.4,4773.1,28689.9,10376.6,10003.9,10263.4,6503.0,4273.1,14813.4,3794.7,5476.1,11931.6,12916.9,32239.8,6040.4,31997.1,1202.4,21708.1,17646.1,3363.5,10169.1,11488.1,1982.8,4944.4,16743.2,3860.5,4956.0,18455.9,61627.1,14311.6,23776.8,7034.5,11177.8,21714.4,14609.8,6812.0,11168.6,11027.6,10513.4,9469.7,9888.6,4908.1,26106.7,7246.4,6308.7,19742.0,30152.8,13107.0,19031.3,7029.5,13348.9,16218.7,8042.6,6350.6,15451.6,2395.2,21355.2,13873.5,16494.7,10878.5,29659.9,16317.7,7924.6,7159.1,40655.1
70132480,37638.3,5616.8,9813.9,9481.2,11929.2,9737.7,1519.6,8742.0,8020.0,24391.2,21763.2,21765.6,50018.5,23309.0,10909.9,6454.1,8952.6,18713.8,17200.6,9024.8,10885.7,2564.9,5701.2,5795.2,10853.7,41420.5,30918.0,8805.7,12218.9,24835.5,8285.8,13964.0,45580.6,42693.7,29220.8,6762.4,10655.9,9495.9,36307.1,10702.7,4405.9,12496.4,6150.5,8569.9,49277.4,18853.1,17067.1,5084.4,11721.4,10755.9,27885.6,27699.8,14038.2,29401.3,25369.0,12720.9,8816.2,50167.8,10467.4,27730.0,6856.8,19265.6,49702.9,26915.4,8607.7,10543.8,11947.3,11087.3,66737.1,8517.0,8355.0,4205.1,13939.1,5077.3,50047.8,7643.1,4308.5,0.0,18083.4,28983.1,21712.9,5259.3,9947.1,14893.1,6667.6,10103.7,23450.4,14654.3,11386.7,7590.8,4727.8,4463.7,20928.6,49333.0,20359.5,4441.0,8121.7,35038.6,58482.6,12049.4,14680.5,14654.3,12027.4,9140.1,13964.1,8116.0,30139.8,10536.6,6896.6,9247.4,9848.5,4432.3,12899.1,5550.3,11136.9,10017.3,11002.6,35585.3,6576.7,32862.3,4510.0,22573.3,16762.1,5089.7,10329.1,9573.8,3738.5,1564.7,16903.3,5326.7,8301.5,17571.9,62492.3,12397.3,20669.4,10377.4,9263.5,22579.6,13593.7,10157.5,14514.1,9741.6,9227.3,11084.2,11503.1,8253.6,25222.7,8604.0,9651.7,18858.0,33498.2,11192.7,21035.6,10372.4,13508.9,15334.7,4955.3,3243.3,13537.3,2085.3,20471.2,14912.9,13387.3,15095.0,31830.4,13210.4,11270.1,10502.0,44000.6
70132663,58118.7,16989.5,24970.7,24638.0,27043.7,24894.5,13995.0,5484.3,9185.0,40720.4,10780.1,10782.6,70498.8,45095.6,12929.9,21342.4,6416.7,11844.8,33709.0,6488.9,8898.8,20140.0,21292.0,19085.0,26008.0,57749.8,51398.4,6269.8,27373.1,41164.7,15401.6,21089.7,61909.8,63174.1,45550.0,10526.8,17771.6,6960.0,51461.4,10206.6,10747.0,27610.9,10954.0,12100.7,69757.8,12352.2,13602.6,9368.4,7889.0,12775.9,44214.8,35313.4,21382.6,44555.6,7481.4,15194.3,22106.0,70648.2,19626.3,44059.2,13972.5,39625.4,70183.3,43244.6,23764.4,23833.6,16619.8,27972.5,87217.5,23671.2,15470.7,16774.6,21064.8,20635.4,65202.0,9550.2,21593.4,14407.5,0.0,45312.3,28838.6,18549.1,12110.0,34962.1,11378.6,25260.5,45237.1,34825.9,28271.9,8142.9,14114.4,14351.0,41288.4,64487.2,36867.9,19999.0,15237.5,42652.2,78963.0,11084.7,22024.9,21998.8,11494.9,12602.6,21308.5,23272.8,47189.6,12703.9,14012.3,11410.3,25002.7,16552.9,6462.2,21108.3,23975.9,4879.0,10470.1,50739.5,19866.5,53342.7,20100.7,44359.9,1459.0,18379.6,13002.1,4652.5,19296.5,14566.6,13637.9,18616.5,23455.7,6135.4,82972.6,11864.9,27795.1,25534.2,7236.2,44366.2,7246.3,25311.7,29668.3,23031.4,22517.2,27969.4,28388.3,23407.9,7158.4,21893.9,24808.5,7421.5,48652.5,3608.8,37531.0,25529.2,14057.5,5882.3,9497.5,14131.7,7943.9,20366.8,2407.0,35817.6,20819.6,30209.5,48159.6,20281.9,26424.3,25650.5,59154.8
70132664,28097.9,31162.9,22369.2,23106.9,20471.1,22554.6,29550.3,36361.6,33565.3,6351.1,45005.1,45007.6,21826.7,19108.5,36581.3,24810.4,36572.2,41955.8,12404.6,36644.3,38505.3,26770.0,26308.3,24988.7,21981.2,12516.1,10255.9,36425.2,18862.4,6825.6,37850.7,38676.9,16676.2,14837.4,1072.9,32307.7,36707.7,37115.5,14010.5,38322.3,32527.5,20313.5,31695.7,34115.2,31460.2,42095.1,40309.1,33206.0,39340.9,36427.3,1428.4,54570.5,42575.1,9209.6,51958.3,35198.8,23956.9,21976.1,25938.6,2111.0,34978.3,17653.0,31885.7,3046.2,24130.1,22310.3,28830.2,20149.4,38587.0,22482.6,37919.8,29751.2,38652.1,29026.9,20971.0,35262.7,25705.3,29337.1,44672.7,0.0,46425.8,25007.3,36668.4,20337.1,34789.2,22114.9,18870.6,20283.3,19671.9,35210.4,32849.4,32585.3,19316.0,21708.1,12968.3,28390.6,37992.8,63575.5,30332.5,37594.7,43217.3,43191.2,39647.0,34143.6,42500.9,23638.5,3710.1,36208.0,35018.2,35968.7,22025.8,29978.3,40518.7,28267.4,24472.9,37636.9,38622.1,14703.0,24606.7,8657.7,26907.6,20042.6,43351.4,26360.0,36000.5,37193.4,27688.1,30649.7,36510.2,25401.4,22815.3,44161.2,32849.0,40016.9,45382.4,23713.5,36883.1,20048.9,40315.0,20859.8,16322.8,21508.1,24368.0,20146.3,19636.0,22118.1,51812.0,22453.8,22987.7,45447.3,7169.9,38812.3,9664.2,23708.5,37198.2,41924.0,33076.8,31364.9,41156.8,27133.0,47060.5,21275.1,41924.2,19310.5,2926.0,41747.2,18628.3,21713.1,14851.2
70132665,49929.0,25378.5,30341.8,30009.1,32457.0,30265.5,21281.3,23460.3,25589.4,41759.1,39363.6,39366.1,62309.1,35599.7,30671.5,26982.0,22729.7,38475.5,34568.6,23047.8,22630.0,24245.0,26540.3,26323.1,31256.3,57811.0,43208.7,22993.8,34820.1,42203.5,14429.4,7845.3,63430.1,54984.4,46588.7,26524.0,13286.4,22500.2,54448.9,22447.0,22483.4,33024.3,25912.1,26823.1,61568.1,38614.8,36828.8,20809.1,23465.6,30517.5,45253.5,8144.7,13744.1,47543.1,35742.9,32482.5,22340.5,62458.5,31273.8,45097.9,16118.6,31556.3,61993.6,44283.4,29135.5,24600.1,31709.0,31866.1,79027.8,28919.5,14498.5,23966.7,7965.3,25883.7,67724.9,23147.2,26841.7,21645.5,28280.7,46351.0,0.0,22177.8,27094.0,26803.1,18790.4,30631.6,35741.1,26564.3,32165.5,24547.2,17541.6,17778.2,33219.3,67474.8,35382.9,25247.3,14571.5,17301.7,70773.3,31811.1,12913.4,13102.5,23771.7,28901.8,13670.0,28643.9,47507.7,30298.3,16158.4,26394.3,30251.0,24193.9,24643.4,26356.7,29224.2,24735.6,22746.8,53727.0,22480.1,45153.0,25349.0,34864.0,29012.0,25617.6,30090.8,24292.1,24544.8,21852.9,36664.9,25854.6,28704.0,34718.8,74783.0,24141.6,1183.2,30905.3,21007.8,34870.3,30740.7,30560.0,36233.6,25635.3,20932.2,31863.0,32281.9,28656.2,35420.0,27874.5,30179.5,36004.9,51640.0,25290.4,38403.6,30900.3,33270.5,32481.6,20680.0,20500.7,25281.5,23765.3,30668.5,26822.9,18502.9,34626.6,49198.4,18326.0,31672.6,31029.9,62142.3
70133553,34316.3,9977.6,8799.6,8466.9,10914.8,8723.3,6673.9,13296.9,12849.9,21069.2,26771.5,26774.0,46696.5,19987.0,16317.5,5439.8,13507.5,24121.4,13878.6,13579.6,15440.6,5388.9,8572.1,4782.3,9839.4,38098.6,27596.0,13360.5,12646.7,21513.5,12840.7,15478.8,42258.6,39371.7,25898.8,12170.0,13509.5,14050.8,33759.0,15257.6,8960.8,11482.1,11558.0,13195.0,45955.4,24260.7,22474.7,9639.3,16276.2,16163.5,24563.6,31372.4,18593.1,26853.2,29923.9,18128.5,4389.3,46845.9,15254.8,24408.0,11411.6,15943.6,46380.9,23593.4,7593.3,7221.9,15730.4,9692.6,63415.1,7502.6,12909.8,9613.5,15453.9,8678.4,47499.6,12198.0,5926.6,5770.4,22638.2,25661.1,23227.7,0.0,14502.0,11571.2,11222.5,9089.4,20128.5,11332.3,9992.1,12145.7,9282.6,9018.6,17606.6,46784.8,17037.5,8042.0,12676.6,39593.4,55160.7,17457.0,19235.3,19209.2,16582.3,14547.7,18518.9,7101.7,26817.8,15944.2,11451.4,13802.2,8834.2,9840.7,17454.0,9151.4,10122.5,14572.2,15557.4,33037.1,874.3,29540.4,7128.9,19251.3,21317.0,4076.8,15736.7,14128.7,7339.5,6719.0,22310.8,4313.8,7287.1,22126.7,59170.3,16952.2,22184.2,9363.1,13818.4,19257.6,18148.6,9143.1,14060.1,6419.6,2968.6,9689.5,10108.4,7239.3,29777.5,7209.4,8637.3,23412.8,30950.1,15747.6,17713.7,9358.1,18916.5,19889.5,9510.1,7798.1,18092.1,5354.3,25026.1,11590.9,17942.2,14080.6,28508.4,17765.2,10255.7,9487.7,41452.4
70133556,47255.1,9885.1,16953.0,16620.3,19068.2,16876.8,10143.8,5984.9,4413.0,32702.7,13255.3,13257.8,59635.3,32925.8,9278.8,13324.7,6195.6,12822.9,25691.3,6267.7,9581.7,12122.3,13274.2,15233.8,17990.3,49732.1,40534.8,6048.6,19355.4,33147.0,13939.2,19627.3,53892.1,52310.5,37532.3,5754.7,16309.2,6738.8,43443.7,9398.8,6895.8,19635.5,6181.9,4557.8,58894.2,12962.2,11176.2,6856.0,10417.4,9124.8,36197.1,33353.2,19691.5,36537.9,16407.7,10401.2,18254.8,59784.7,12913.1,36041.5,12510.1,28773.2,59319.7,35226.9,15746.7,19982.4,12141.7,19954.8,76354.0,15653.5,14008.3,8755.8,19602.4,12617.7,57184.3,6339.2,13575.7,10556.3,9122.0,37294.6,27376.1,14697.9,0.0,24109.8,9916.1,17242.8,33067.3,23973.7,20254.2,3292.6,11765.0,11501.0,30436.2,56469.5,28850.2,11981.3,13775.0,40691.9,68099.5,6515.1,20333.8,20307.7,10723.4,9334.7,19617.4,15255.1,39171.9,9052.8,12549.9,1517.3,16985.0,8535.2,7764.0,13090.6,15958.2,5323.8,9698.6,42721.8,16015.3,42479.2,12083.0,32190.1,7800.8,14528.4,9770.9,5954.4,11278.8,10715.4,9068.2,14765.3,15438.0,8610.5,72109.1,11093.4,26332.7,17516.5,7959.6,32196.4,4632.4,17294.0,21650.6,19180.2,18666.0,19951.7,20370.6,15390.2,16261.3,18042.6,16790.8,9896.6,40634.8,4735.7,29513.3,17511.5,9487.8,6373.3,6985.2,10280.5,12233.3,12349.1,11509.9,24355.5,19040.7,21360.6,40141.9,19510.4,18406.6,17641.1,51137.1
70137842,37196.0,16942.4,8771.7,10917.5,10684.3,9195.3,15880.7,22691.9,19895.6,21066.1,36685.7,36688.2,49576.2,22866.7,25129.4,11140.7,22902.5,33636.4,14379.6,22974.7,24835.6,13100.4,12638.6,11547.3,8301.6,38095.5,30475.7,22755.6,9582.0,21510.4,23428.8,29106.9,42255.5,42251.4,25895.7,18638.0,25798.8,23445.8,31807.1,24652.6,19914.3,11251.6,18026.0,20445.5,48835.1,33775.6,31989.7,20207.3,25671.2,24975.4,24560.5,42842.8,29181.1,24901.3,38288.6,24354.7,16217.0,49725.5,15020.3,24404.9,21999.7,18714.0,49260.6,23590.3,11940.7,13334.3,17456.9,6841.0,66294.8,8812.9,23497.9,16081.5,29082.1,15357.3,45547.7,21593.0,12035.6,17187.7,31003.0,25658.0,36855.8,13498.2,22998.8,0.0,23776.0,8435.4,23008.1,13914.5,6496.5,21540.7,19870.7,19606.7,20377.0,44832.9,17538.5,14720.9,23264.6,50181.5,58040.4,23925.0,29823.4,29797.3,25977.3,22691.7,29107.0,11449.0,27535.3,24756.2,22039.5,22299.0,8346.3,16308.7,26849.0,16817.5,12283.4,23967.2,24952.5,31085.2,13097.6,32420.0,13238.0,22131.0,29681.7,12690.3,24548.7,23523.7,14018.5,16980.0,28190.8,11644.4,9145.6,30491.5,62050.0,26347.2,35812.4,11524.0,23213.4,22137.3,26645.4,7520.6,10338.9,13318.5,16628.2,6837.9,6636.9,8448.5,38142.3,11324.4,10798.3,31777.6,28998.2,25142.6,18201.6,11519.0,28878.8,28254.3,20078.2,18386.2,27487.2,13463.3,33390.9,14296.3,28530.3,11587.2,28505.3,28353.3,8633.2,9348.3,39500.5
70138438,45035.4,11643.2,16606.6,16273.8,18721.8,16530.3,7546.0,5320.4,7449.5,31183.8,21223.7,21226.1,57415.5,30706.1,14141.0,13246.8,4589.8,20791.3,23993.2,4907.9,4490.1,10509.7,12805.0,12587.8,17521.1,52917.4,38315.1,4853.9,18886.2,31628.1,5093.6,10781.7,52373.2,50090.8,36013.4,8791.2,7463.7,4360.3,42974.5,4307.1,7664.3,19289.1,9218.4,8683.2,56674.5,20930.6,19144.6,2872.4,5325.7,13987.0,34678.2,24507.6,10846.0,36068.7,17603.0,15952.0,15608.8,57564.9,15949.6,34522.6,3664.5,26662.7,57100.0,33708.0,15400.3,17336.4,15178.2,17879.9,74134.2,15184.3,5162.7,10231.5,10756.8,12148.4,56715.1,5007.3,13106.5,7910.3,10140.7,35775.7,18530.6,12051.9,8954.1,21909.5,0.0,16896.3,30847.5,21670.7,18179.3,6407.3,3806.4,4043.0,28325.7,56000.3,27152.1,11512.1,4929.5,31846.4,65879.7,14483.4,11488.2,11462.1,5631.7,12371.2,10771.8,14908.7,38702.7,13767.7,3704.4,8254.4,16515.8,10199.5,6503.5,12621.4,15489.0,6595.7,4606.9,42252.6,13369.3,40259.4,11613.8,29970.3,10872.1,11882.4,13560.2,6152.2,10809.6,8117.7,17036.6,12119.3,14968.8,16578.9,69889.3,6001.7,17487.1,17170.1,2867.9,29976.7,12600.7,16824.8,21181.4,16534.2,16038.6,17876.8,18295.7,14921.0,17280.0,15396.7,16444.3,17865.0,40165.6,7150.5,27828.3,17165.1,16740.0,14341.7,2743.2,6765.5,7141.6,10030.1,12528.6,21929.3,10195.1,20891.4,38623.0,10018.2,17937.4,17294.7,50667.9
70152945,32776.1,7097.0,352.7,2239.2,2765.2,415.2,10200.3,17011.5,14215.2,17646.7,28769.3,28771.8,45156.3,17842.0,17213.0,5460.3,17222.1,25719.9,10635.3,17294.2,19155.2,7419.9,5076.7,5244.0,1218.3,34676.1,26055.8,17075.1,4299.5,18091.1,17748.3,23426.5,38836.2,37831.5,22476.3,12957.6,20118.4,17765.4,28387.7,18972.2,14233.9,3332.5,12345.6,14765.1,44415.2,25859.2,24073.3,14526.9,19990.8,17059.0,21141.1,37162.4,23500.7,21481.9,32608.2,16438.3,8762.3,45305.7,7103.8,20985.5,16319.3,14282.8,44840.7,20171.0,3262.4,8309.6,9540.5,4871.0,61874.9,1837.3,17817.5,10401.1,23401.6,6592.0,42128.3,15912.6,6355.2,11507.2,25322.6,22238.6,31175.4,8575.6,17318.3,9619.5,18095.6,0.0,17983.5,9483.3,5170.4,15860.3,14190.3,13926.2,15945.9,41413.6,13794.2,9040.5,17584.2,44501.1,53620.5,18244.6,24143.0,24116.9,20296.9,14775.3,23426.6,2770.8,24116.0,16839.8,16359.1,16618.6,1263.0,10628.2,21168.6,8901.1,3052.2,18286.8,19272.0,27665.8,8175.0,28000.2,7557.5,17106.3,24001.3,6394.6,16632.3,17843.3,8338.0,11299.6,20274.3,5950.9,1872.3,24811.1,57630.1,20666.8,30131.9,2119.3,17533.0,17112.6,20965.0,2238.0,6594.7,8293.9,9173.5,4867.9,5286.8,1612.2,32461.9,6299.8,1524.5,26097.2,25578.8,19462.2,14457.3,2114.3,20962.4,22573.9,14397.7,12705.8,21806.8,7782.9,27710.4,10475.1,22849.8,5931.0,25086.0,22672.9,3350.6,1429.2,36081.1
70155195,16938.8,25026.8,16856.1,19001.9,18768.7,17279.7,23965.1,30776.3,27980.0,14533.3,44770.1,44772.6,29318.9,1050.3,33213.8,19225.1,30986.9,41720.7,12203.1,31059.1,32920.0,21184.8,20723.0,19049.4,16386.0,24820.8,10218.5,30840.0,17666.4,10191.3,26602.1,27428.3,30439.9,21994.2,19362.9,26722.4,25459.1,31530.2,26868.1,32737.0,26373.4,19336.0,26110.4,28529.9,28577.9,41860.0,40074.1,27051.9,33755.6,33059.8,18027.7,43321.9,31326.5,19962.3,46373.0,32439.1,15046.2,29468.3,23104.7,17872.1,28291.3,7433.4,29003.4,17057.5,20025.0,13464.0,25541.3,15064.6,46037.6,16897.3,26671.2,24165.9,27403.5,23441.7,34734.7,29677.4,20120.0,23183.0,39087.4,19125.2,35177.2,18853.2,31083.1,10001.6,30866.5,16519.8,0.0,9762.8,15364.0,29625.1,26695.3,26431.2,9096.4,35471.9,8940.0,22805.3,26744.2,52326.9,37783.1,32009.4,31968.7,31942.6,34061.7,30776.1,31252.3,19533.4,20281.9,32840.6,28331.1,30383.4,16430.7,24393.1,34933.4,24901.9,20367.8,32051.6,33036.9,26146.2,18452.6,12162.8,21322.4,2060.3,37766.1,20774.7,32633.1,31608.1,22102.9,25064.4,36275.2,19728.8,17230.0,38575.9,41792.7,34431.6,34133.8,19608.4,31297.8,2066.6,34729.8,15605.0,18699.7,13448.3,16284.8,15061.5,15480.4,16532.9,46226.7,16514.5,18882.6,39862.0,24059.2,33227.0,10681.2,19603.4,36963.2,36338.7,26922.8,25210.8,35571.6,21547.7,41475.2,10026.5,30675.6,19671.6,18189.9,30498.6,16717.6,17432.7,34561.6
70155196,23889.2,17441.9,8721.1,10869.1,10635.9,8783.6,15829.3,22640.5,19844.2,15922.9,37652.6,37655.1,36269.4,9559.9,22734.1,11089.4,22851.2,34603.3,8732.4,22923.3,25671.3,13049.0,12587.2,9854.6,8251.0,31771.2,17168.9,22704.2,8983.9,16367.3,17567.4,18393.6,37390.3,28944.6,20752.5,18586.6,16424.3,23394.4,28612.7,25488.4,17352.1,11203.2,17974.7,20394.1,35528.3,34742.6,32956.6,18030.6,26507.0,22580.1,19417.3,34287.2,22291.7,21706.9,38237.2,25321.6,6011.5,36418.7,15987.2,19261.7,19256.6,5516.5,35953.8,18447.2,10703.6,4429.3,18423.8,6029.9,52988.0,8761.5,17636.5,16030.2,18368.8,15305.9,41685.2,21541.7,11984.2,14161.7,30951.6,20514.8,26142.5,9831.9,22947.4,966.9,21831.8,8384.7,9701.4,0.0,6329.3,21489.3,17673.9,17409.9,7179.5,41638.6,9546.7,14669.6,17709.5,43292.1,44733.6,23873.7,22934.0,22907.9,26813.0,23658.6,22217.6,10211.9,21671.5,22360.8,19296.4,22247.7,8295.6,16257.3,27684.8,15778.9,12235.0,23915.8,25788.2,27890.8,9431.3,19113.2,13186.6,8824.2,29630.4,11069.7,22153.3,23472.3,13967.1,15110.3,29157.7,10267.2,9094.3,30440.1,48743.2,27183.0,25099.0,10487.6,24049.2,8830.5,26594.0,7469.3,10397.4,4413.6,7250.1,6026.8,6445.7,8397.1,38090.9,7319.6,10749.9,31726.2,25803.8,25091.3,12567.4,10482.6,25333.1,28202.9,17901.4,16189.4,28322.9,13411.9,33339.5,991.7,21640.9,11535.8,23362.2,21463.9,8581.8,9299.9,36306.1
70155782,30066.5,14794.7,5972.7,8120.7,6851.1,6035.2,13182.1,19377.4,17197.0,14959.7,33891.6,33894.1,42446.7,15737.2,20086.9,8442.2,19588.1,30842.2,7948.3,19660.2,21521.2,10401.8,9940.1,6614.6,5502.6,31989.0,23346.2,19441.1,2494.2,15404.0,18921.3,24568.8,36149.1,35121.9,19789.3,15939.4,22599.5,20131.4,25700.7,21338.2,15041.4,6693.6,15327.5,17747.0,41705.6,30981.5,29195.6,15719.9,22356.8,19932.9,18454.1,38335.3,24673.6,18794.8,35590.1,21560.6,8972.2,42596.1,12226.2,18298.5,17492.2,11693.8,42131.1,17483.9,8056.4,6089.5,14662.8,767.1,59165.4,6114.3,18990.4,13383.0,24543.9,12658.7,39441.3,18278.6,9337.1,11851.0,28304.4,19551.6,32317.6,8565.4,20300.2,6938.5,17303.0,5636.3,15878.7,6699.6,0.0,18226.3,15363.2,15099.2,13356.8,38726.5,11107.2,12022.4,18757.1,45674.0,50910.9,21226.5,25315.9,25289.8,22662.8,19897.6,24599.5,7564.8,21428.9,19713.7,17532.0,19600.5,5547.2,13610.1,23534.6,13131.7,9486.6,20652.8,21638.0,24978.8,8164.8,22340.6,10539.4,15001.5,26983.2,7829.7,19506.1,20209.3,11319.9,12799.6,25396.7,7027.2,6447.1,27793.0,54920.5,23032.8,31274.2,7739.2,19899.0,15007.8,23946.8,4491.6,3907.6,6073.7,9383.4,764.0,118.4,5749.9,35443.8,4079.6,8001.5,29079.1,22891.7,21828.2,11770.3,7734.2,22685.9,25555.8,15590.7,13878.7,24172.7,10764.8,30692.3,7166.9,24022.8,5907.8,22398.9,23845.8,4288.2,6551.5,33394.1
70157031,47510.5,10140.5,17208.4,16875.7,19323.7,17132.2,10399.2,6240.4,4668.4,32958.1,14963.9,14966.4,59890.7,33181.3,9257.6,13580.2,6451.0,14531.5,25946.7,6523.1,9837.1,12377.7,13529.7,15489.2,18245.7,49987.5,40790.3,6304.0,19610.8,33402.4,14194.6,19882.7,54147.5,52566.0,37787.7,6010.1,16564.6,6994.3,43699.1,9654.2,7151.2,19890.9,6437.4,4839.4,59149.7,14670.8,12884.9,7111.4,10672.8,9103.6,36452.5,33608.6,19947.0,36793.3,18116.3,12109.9,18510.2,60040.1,13168.5,36296.9,12765.5,29028.6,59575.2,35482.4,16002.2,20237.9,12397.1,20210.2,76609.4,15908.9,14263.7,9011.2,19857.8,12873.1,57439.7,6594.6,13831.1,10811.7,10830.7,37550.0,27631.6,14953.3,2694.4,24365.3,10171.6,17498.2,33322.7,24229.1,20509.6,0.0,12020.4,11756.4,30691.6,56725.0,29105.6,12236.7,14030.5,40947.4,68354.9,8223.7,20589.2,20563.1,10978.8,9590.1,19872.8,15510.5,39427.4,9031.7,12805.4,1994.7,17240.5,8790.6,11850.6,13346.1,16213.6,7032.4,9954.0,42977.2,16270.7,42734.6,12338.4,32445.5,9509.4,14783.8,9329.8,7072.2,11534.3,10970.8,10776.8,15020.7,15693.4,10319.2,72364.5,11348.8,26588.1,17771.9,8215.0,32451.8,6341.0,17549.4,21906.1,19435.6,18921.4,20207.1,20626.0,15645.6,17970.0,18298.1,17046.2,11605.3,40890.2,6444.4,29768.7,17766.9,11196.5,8082.0,7240.6,10535.9,12488.7,12604.5,13218.5,24610.9,19296.1,21616.0,40397.4,19765.8,18662.0,17896.5,51392.5
70224396,43731.8,8814.5,13777.9,13445.1,15893.1,13701.6,4717.3,8817.0,9808.6,28355.1,23730.2,23732.6,56111.9,29402.5,14107.6,10418.1,8086.5,21911.5,21164.5,8404.6,7986.7,7681.0,9976.3,9759.1,14692.3,45384.5,37011.5,8350.6,16057.5,28799.4,3799.9,9478.1,49544.5,48787.2,33184.7,9960.1,6170.0,7857.0,40145.8,7803.8,5919.4,16460.4,9348.2,10153.6,55370.9,22050.8,20264.9,4245.2,8822.4,13953.6,31849.5,23213.9,9552.3,33240.0,21099.7,15918.6,12780.1,56261.3,14709.8,31693.9,2370.8,25359.1,55796.4,30879.3,12571.6,14507.7,15145.0,15051.2,72830.6,12355.6,3869.1,7402.8,9453.2,9319.7,53886.4,8504.0,10277.8,5081.6,13637.4,32947.0,17227.0,9223.2,11460.6,20605.9,4147.2,14067.6,29543.9,20367.1,15350.6,9904.0,0.0,1214.3,27022.1,53171.6,24323.4,8683.4,3635.8,30552.7,64576.1,15247.2,10194.6,10168.4,9128.4,12337.8,9478.2,12080.0,35874.0,13734.3,2410.7,10760.9,13687.1,7630.0,10000.2,9792.7,12660.2,10092.3,8103.6,39423.9,10540.6,38955.8,8785.1,28666.7,14368.8,9053.7,13526.8,9648.8,7980.9,5289.0,20101.0,9290.6,12140.1,19085.4,68585.7,9498.4,16183.5,14341.4,6364.6,28673.0,15107.2,13996.1,18352.7,13705.5,13191.3,15048.1,15467.0,12092.2,20776.7,12567.9,13615.6,20371.5,37336.9,10647.2,24999.5,14336.4,16706.6,16848.2,4116.0,3936.8,10638.3,7201.4,16025.3,20625.6,8901.4,18062.6,35794.3,8724.5,15108.7,14466.0,47839.2
70224398,43753.9,8836.7,13800.0,13467.3,15915.3,13723.8,4739.5,8839.2,9830.8,28377.3,23752.3,23754.8,56134.1,29424.6,14129.8,10440.2,8108.7,21933.7,21186.7,8426.8,8008.9,7703.2,9998.5,9781.3,14714.5,45406.6,37033.7,8372.8,16079.7,28821.6,3822.1,9500.3,49566.7,48809.4,33206.9,9982.3,6192.2,7879.2,40167.9,7825.9,5941.6,16482.5,9370.3,10175.8,55393.1,22073.0,20287.0,4267.4,8844.5,13975.8,31871.7,23236.1,9574.5,33262.1,21121.9,15940.8,12802.3,56283.5,14732.0,31716.1,2393.0,25381.2,55818.6,30901.5,12593.8,14529.9,15167.2,15073.4,72852.8,12377.8,3891.2,7425.0,9475.4,9341.9,53908.6,8526.2,10300.0,5103.8,13659.6,32969.2,17249.1,9245.4,11482.8,20628.1,4169.4,14089.8,29566.1,20389.2,15372.8,9926.2,264.0,0.0,27044.2,53193.8,24345.6,8705.6,3658.0,30574.9,64598.3,15269.3,10216.7,10190.6,9150.6,12360.0,9500.3,12102.1,35896.2,13756.5,2432.9,10783.1,13709.3,7652.1,10022.3,9814.9,12682.4,10114.5,8125.8,39446.1,10562.8,38978.0,8807.3,28688.9,14390.9,9075.8,13549.0,9671.0,8003.1,5311.1,20123.1,9312.8,12162.3,19107.6,68607.9,9520.5,16205.7,14363.5,6386.7,28695.2,15129.4,14018.3,18374.9,13727.7,13213.4,15070.3,15489.2,12114.4,20798.9,12590.1,13637.8,20393.7,37359.0,10669.4,25021.7,14358.5,16728.8,16870.4,4138.2,3958.9,10660.5,7223.6,16047.5,20647.8,8923.6,18084.8,35816.5,8746.7,15130.9,14488.1,47861.4
70225154,23547.3,23675.0,15504.3,17650.0,17416.9,15927.8,22613.2,29424.4,26628.1,14903.7,43418.2,43420.7,35927.5,9218.0,31862.0,17873.3,29635.1,40368.9,7726.2,29707.2,31568.2,19832.9,19371.1,17041.0,15034.2,31429.3,16827.0,29488.1,14236.4,15348.1,24593.6,25419.9,37048.5,28602.7,19733.4,25370.5,23450.6,30178.3,27593.5,31385.2,24365.0,17984.1,24758.6,27178.0,35186.4,40508.2,38722.2,25043.5,32403.8,31708.0,18398.2,41313.5,29318.0,20687.7,45021.2,31087.2,13037.8,36076.9,21752.8,18242.6,26282.8,2156.9,35611.9,17428.0,18673.2,11455.6,24189.5,12757.7,52646.2,15545.4,24662.7,22814.1,25395.0,22089.8,41343.3,28325.6,18768.2,21174.6,37735.5,19495.7,33168.8,16844.8,29731.3,7694.7,28858.1,15167.9,9359.5,7455.9,13057.1,28273.3,24686.8,24422.8,0.0,40619.4,7683.6,21453.5,24735.7,50318.4,44391.7,30657.6,29960.3,29934.2,32709.8,29424.3,29243.9,18181.6,20652.3,31488.7,26322.7,29031.6,15078.8,23041.2,33581.6,23550.1,19016.0,30699.8,31685.0,26871.6,16444.2,18771.4,19970.5,8482.3,36414.3,19422.8,31281.2,30256.3,20751.0,23712.6,34923.3,17453.6,15878.2,37224.0,48401.3,33079.8,32125.3,18256.6,29946.0,8488.6,33377.9,14253.2,13372.2,11439.9,14276.3,12754.6,13173.5,15181.0,44874.8,14506.0,17530.8,38510.1,24784.6,31875.2,11548.2,18251.5,35611.3,34986.8,24914.3,23202.3,34219.7,20195.9,40123.4,8018.0,28667.1,16481.2,22343.0,28490.2,15365.8,16080.8,35287.0
70225158,32181.6,50419.1,41625.4,42363.1,39727.2,41810.8,48806.5,55617.7,52821.4,26187.0,64261.3,64263.8,23571.7,35615.5,55837.5,44066.6,55828.3,61211.9,32819.8,55900.5,57761.4,46026.2,45564.4,45253.0,41237.3,12232.7,26397.2,55681.4,38118.6,28774.5,56354.6,59092.1,5870.8,14554.0,23021.8,51563.8,57122.8,56371.6,15314.9,57578.5,52840.1,39569.7,50951.9,53371.3,33894.8,61351.2,59565.3,53133.2,58597.1,55683.5,23377.3,74985.7,62990.2,21101.5,71214.4,54455.0,44372.0,23721.1,45194.8,24059.9,54925.5,38068.2,34320.3,24995.2,43386.3,44727.9,48086.4,39405.5,23111.0,41738.7,56423.7,49007.4,59067.3,48283.1,1360.7,54518.9,44961.4,50113.5,63928.8,22452.9,66841.0,47203.8,55924.6,40752.3,56701.9,41371.1,39308.5,40698.5,38928.1,54466.5,52796.5,52532.5,39731.2,0.0,33383.5,47646.8,56190.5,83990.6,18511.3,56850.9,63632.5,63606.4,58903.1,53399.7,62916.1,42894.6,23486.9,55464.2,54965.4,55224.9,41282.0,49234.5,59774.9,47523.6,43729.1,56893.0,57878.3,16007.3,46803.3,24799.0,46163.8,35879.1,62607.6,45616.1,55256.7,56449.5,46944.3,49905.8,55766.3,44570.2,42071.5,63417.3,28954.7,59273.1,65797.5,42969.6,56139.3,35885.4,59571.2,40116.0,35579.0,41923.3,44783.2,39402.4,38892.2,41374.3,71068.1,42718.1,42243.9,64703.4,20937.1,58068.5,30079.4,42964.6,56454.4,61180.1,53004.0,51312.0,60413.0,46389.1,66316.7,41690.2,62339.4,38566.7,20462.5,62162.4,37884.4,40969.3,7272.6
70238808,24844.6,22774.4,14062.7,15422.2,13662.0,14125.3,21161.8,27973.0,25176.7,8539.2,38196.0,38198.5,34695.2,9188.9,28066.6,16421.9,28183.7,35146.7,3963.7,28255.8,30116.7,18381.5,17919.7,16032.9,13592.7,25568.6,15019.6,28036.7,10473.9,6242.7,26575.1,27401.4,29728.6,26795.3,13368.8,23919.1,25432.1,28726.9,21229.0,29933.8,23571.7,13504.4,23307.2,25726.6,36483.7,35286.0,33500.0,24250.2,30952.4,27912.6,12033.6,43295.0,31299.5,14323.1,43569.8,28389.7,15001.1,34844.6,19129.5,11878.0,26022.6,5986.8,36909.2,11063.4,16036.1,13437.1,22021.2,11760.8,51413.8,14094.0,26644.3,21362.7,27376.5,20638.4,34969.6,26874.2,17316.7,20381.3,36284.1,13131.1,35150.3,16051.5,28279.9,9061.5,25833.4,13726.4,8951.0,9007.8,11283.4,26821.9,23893.6,23629.5,7649.8,34254.8,0.0,20002.1,26717.2,52299.9,43159.4,29206.2,31941.8,31915.7,31258.4,27334.5,31225.4,15544.4,14287.8,27693.3,26062.4,27580.2,13637.3,21589.8,32130.2,21111.4,16788.1,29248.3,30233.6,20507.1,15651.0,11529.7,18519.1,10123.0,34962.9,17248.1,27485.8,28804.8,19299.6,22261.1,29701.1,16445.6,14426.8,35772.6,49698.6,31628.4,34106.8,16028.7,28494.6,10129.3,31926.5,12471.3,9609.7,12552.3,15412.3,11757.7,11247.5,13729.6,43423.4,13498.0,15302.9,37058.7,18420.0,30423.8,4203.0,16023.7,30665.6,33535.4,24121.1,22409.1,32768.3,18744.5,38672.0,9999.5,30648.6,12718.6,15978.4,30471.7,11099.0,14028.3,28922.4
70238985,37779.8,2568.0,7477.7,7144.9,9592.9,7401.4,4003.7,10814.9,8018.6,23227.4,21761.7,21764.2,50160.0,23450.5,10908.4,3849.4,11025.5,18712.4,16216.0,11097.7,12958.6,2337.8,3798.9,7250.6,8514.9,40256.7,31059.5,10878.6,9880.1,23671.7,11551.8,17229.9,44416.8,42835.2,28057.0,6761.0,13921.8,11568.8,33968.4,12775.6,8037.3,10160.2,6149.0,8568.5,49418.9,18851.7,17065.7,8330.3,13794.2,10754.5,26721.8,30965.8,17304.1,27062.5,26411.6,12719.5,10271.5,50309.3,6658.8,26566.2,10122.7,19297.8,49844.4,25751.6,6271.4,11999.2,8320.7,10479.5,66878.6,6178.2,11620.9,4204.5,17205.1,1268.7,47709.0,9716.0,4100.4,4259.7,19126.0,27819.3,24978.8,6889.5,11121.7,14634.5,11899.0,7767.4,23591.9,14498.3,10778.9,9663.7,7993.7,7729.7,20960.8,46994.2,19374.9,0.0,11387.6,38304.5,58624.2,12048.0,17946.4,17920.3,14100.3,9138.7,17230.0,5779.8,29696.6,10535.2,10162.5,10422.0,7509.7,4431.7,14972.0,1741.7,6482.8,12090.2,13075.5,33246.5,7047.1,33003.8,2607.7,22714.8,17804.7,5368.5,10327.7,11646.7,588.5,5103.0,15646.9,5865.6,5962.7,18614.5,62633.8,14470.2,23935.3,8041.2,11336.4,22721.1,14768.4,7818.7,12175.3,11196.9,10682.7,10476.4,10895.3,5914.8,26265.3,9251.5,7315.4,19900.6,31159.4,13265.6,20038.0,8036.2,13507.4,16377.3,8201.1,6509.2,15610.2,2564.6,21513.8,14880.1,16653.2,11885.2,30666.6,16476.3,8931.3,8165.8,41661.8
70246377,41335.4,11874.2,16837.5,16504.8,18952.8,16761.3,7777.0,9941.8,12070.9,31414.7,25845.1,25847.5,53715.5,27006.1,17167.3,13477.7,9211.2,24971.2,24224.2,9529.3,9111.4,10740.7,13036.0,12818.8,17752.0,49217.4,34615.1,9475.3,19117.2,31859.1,833.4,7420.2,54836.5,46390.8,36244.4,13019.8,3203.5,8981.7,43205.4,8928.5,8979.1,19520.0,12407.8,13304.6,52974.5,25110.5,23324.5,7304.9,9947.1,17013.3,34909.2,20247.4,6585.8,36299.6,22224.4,18978.3,13746.9,53864.9,17769.5,34753.6,1547.1,22962.7,53400.0,33939.0,15631.3,16006.5,18204.7,18110.9,70434.2,15415.3,902.6,10462.5,7395.3,12379.4,56946.1,9628.7,13337.5,8141.3,14762.1,36006.7,15169.1,12282.9,13575.5,18209.5,5271.9,17127.3,27147.5,17970.7,18410.3,11028.7,4037.4,4273.9,24625.7,56231.3,26789.3,11743.1,0.0,27586.2,62179.7,18306.8,7228.1,7201.9,10253.1,15397.5,6511.7,15139.6,38933.7,16794.0,1586.9,12875.8,16746.8,10689.6,11124.9,12852.4,15719.9,11217.1,9228.3,42483.5,13600.2,36559.4,11844.8,26270.3,15493.5,12113.3,16586.5,10773.6,11040.6,8348.6,23160.6,12350.3,15199.7,21200.3,66189.3,10623.1,14125.6,17401.0,7489.3,26276.6,17222.1,17055.8,21412.4,16765.1,12338.6,18107.8,18526.7,15151.9,21901.4,15627.6,16675.3,22486.4,40396.5,11771.9,28059.2,17396.0,19766.3,18963.1,7175.7,6996.4,11763.0,10261.1,17150.0,18229.2,5934.9,21122.3,38854.0,5758.0,18168.4,17525.6,50898.9
70248476,67038.1,38758.5,43721.8,43389.1,45837.1,43645.6,34661.3,36361.7,39699.9,58868.3,51163.8,51166.3,79418.3,52708.8,44051.6,40362.0,36039.8,51855.5,51677.7,36415.3,32868.0,37625.0,39920.3,39703.1,44636.3,74920.1,60317.8,36688.7,46001.5,59312.6,26742.2,25281.6,80539.2,72093.5,63697.9,41041.6,28163.0,36307.8,70089.7,34175.8,35863.4,46404.3,39292.1,40933.6,78677.2,51994.8,50208.8,37075.8,33218.8,43897.6,62362.7,9291.6,22058.6,63183.9,48573.7,45862.6,39449.7,79567.7,44653.8,62207.1,28431.4,48665.4,79102.7,61392.5,42515.6,41709.2,45089.0,44995.2,96136.9,42299.5,26811.3,37346.8,25401.6,39263.7,84834.1,37257.7,40221.7,35025.6,41111.4,63460.2,17436.3,39286.9,41204.5,43912.2,32156.2,44011.6,52850.3,43673.4,45294.6,38657.7,30921.7,31158.2,50328.4,83115.6,52492.0,38627.3,26884.3,0.0,87882.5,45191.1,22700.9,22674.8,31469.7,42281.8,21984.5,42023.9,64616.9,43678.3,28471.2,40504.8,43631.1,37573.9,34396.6,39736.7,42604.2,37637.1,32500.0,69367.8,39589.3,62262.1,38729.0,51973.1,41842.7,38997.6,43470.8,37193.6,37924.9,35232.9,50044.9,39234.6,42084.0,46519.0,91892.1,30848.2,18619.5,44285.3,35118.3,51979.4,44851.2,43940.1,48296.7,42744.4,38041.3,44992.1,45411.0,42036.2,48250.7,42511.9,43559.6,47805.1,67280.8,38121.2,55512.7,44280.3,46650.5,46592.1,34060.0,33880.7,35034.8,37145.4,43499.2,43932.0,22009.3,48006.6,66307.5,21899.9,45052.6,44409.9,77783.2
70248511,32901.5,61616.9,53446.1,55591.9,55358.7,53869.7,60555.1,67366.3,64570.0,36256.1,81360.1,81362.6,8666.9,37626.0,69803.9,55815.1,67576.9,78310.8,48635.3,67649.1,69510.0,57774.8,57313.0,54732.3,52976.1,19339.6,30294.9,67430.0,53701.5,35681.6,62285.0,63111.2,15270.2,18734.9,30977.9,63312.4,61141.9,68120.2,33406.6,69327.1,62056.3,55926.0,62700.5,65119.9,18990.0,78450.1,76664.1,62734.8,70345.7,69649.9,31333.4,79004.8,67009.3,39193.2,82963.0,69029.1,50729.1,8816.3,59694.7,32016.0,63974.2,43116.3,19415.5,32951.2,56615.1,49146.9,62131.3,50747.5,10449.5,53487.3,62354.1,60755.9,63086.4,60031.7,17679.6,66267.5,56710.0,58865.9,75677.4,30409.0,70860.1,54536.1,67673.2,45684.5,66549.4,53109.8,37767.5,45445.7,51046.9,66215.1,62378.2,62114.1,44779.3,18416.7,42896.3,59395.4,62427.1,88009.7,0.0,68599.5,67651.6,67625.5,70651.7,67366.1,66935.2,56123.4,33615.1,69430.6,64014.0,66973.5,53020.7,60983.1,71523.5,61491.9,56957.9,68641.6,69626.9,34099.0,54135.5,29198.3,57912.4,37889.7,74356.2,55116.8,69223.1,68198.1,58692.9,61654.4,72865.2,55145.0,53820.1,75165.9,9863.0,71021.7,69816.6,56198.4,67887.9,37896.0,71319.8,52195.1,46227.8,49131.2,51967.7,50744.4,51163.3,53122.9,82816.7,52197.4,55472.7,76452.0,39028.9,69817.1,39569.2,56193.4,73553.2,72928.7,62605.7,60893.7,72161.6,58137.7,78065.3,45709.3,66358.5,56261.6,28418.5,66181.5,53307.6,54022.7,25364.3
70286191,49724.6,8595.5,16576.7,16243.9,18649.6,16500.4,10272.2,10850.3,7491.1,32326.4,11487.0,11489.5,62104.8,36701.6,3427.1,12948.4,11060.9,8437.6,25315.0,11133.1,14447.1,11746.0,12897.9,16380.1,17613.9,49355.7,43004.3,10914.0,18979.1,32770.7,17820.3,23498.5,53515.8,54780.0,37156.0,6233.5,20190.4,11604.2,43067.3,14264.1,10147.5,19216.9,6399.3,4312.0,61363.7,8576.9,6791.0,11721.3,15282.7,3273.1,35820.8,37234.3,23572.7,36161.5,19544.7,5593.3,19679.7,62254.2,11232.3,35665.2,16391.2,31231.3,61789.2,34850.6,15370.4,21407.4,8225.8,19578.4,78823.5,15277.2,17889.4,8380.6,23473.6,12241.3,56808.0,11204.5,13199.4,11416.0,12259.1,36918.3,31247.3,16546.6,7498.9,26568.0,14781.5,16866.4,36843.0,26431.9,19877.9,8574.5,14262.3,13998.2,32894.4,56093.2,28473.9,11605.0,17656.2,44573.1,70569.0,0.0,24214.9,24188.8,15588.8,4208.5,23498.5,14878.8,38795.6,3201.2,16431.1,6799.2,16608.7,8158.8,16460.5,12714.3,15581.8,12125.6,14564.0,42345.5,16146.1,44948.7,11706.7,35965.9,10937.8,14467.5,3919.3,11682.1,10902.5,11371.5,4682.9,14964.6,15061.7,11747.6,74578.6,15958.7,30203.9,17140.2,12824.9,35972.2,6736.3,16917.7,21274.3,20605.1,20090.9,19575.4,19994.3,15013.8,19398.4,18350.5,16414.4,6414.7,40258.4,11248.9,29137.0,17135.2,4679.9,7418.1,11850.5,12777.8,17098.7,11972.8,14646.9,27423.6,22921.8,21815.4,39765.6,22744.9,18030.3,17256.4,50760.8
70286419,46854.4,18574.8,23538.2,23205.4,25653.4,23461.9,14477.6,16262.0,19600.1,38684.6,31064.0,31066.5,59234.6,32525.1,23867.9,20178.3,15940.0,31671.8,31494.0,16315.5,12768.2,17441.3,19736.6,19519.4,24452.6,54736.5,40134.2,16588.9,25817.8,39128.9,6558.5,12196.0,60355.6,51909.9,43514.2,19720.4,7979.3,16208.1,49906.1,14076.0,15679.7,26220.6,19108.5,20833.8,58493.6,31811.1,30025.1,14005.5,13119.0,23713.9,42179.0,15504.7,914.1,43000.3,28473.9,25678.9,19266.0,59384.0,24470.1,42023.4,8247.7,28481.7,58919.1,41208.8,22331.9,21525.6,24905.3,24811.5,75953.3,22115.9,6627.7,17163.1,12171.2,19080.0,64650.4,17157.9,20038.1,14841.9,21011.6,43276.5,12910.5,19103.3,21104.7,23728.6,11972.5,23827.9,32666.6,23489.7,25110.9,18557.9,10738.0,10974.6,30144.7,62931.9,32308.4,18443.7,6700.6,22843.5,67698.8,25007.4,0.0,272.5,11369.9,22098.1,840.0,21840.3,44433.2,23494.6,8287.6,20405.0,23447.4,17390.3,14296.8,19553.0,22420.5,17537.3,12400.2,49184.2,19405.6,42078.5,18545.4,31789.4,21742.9,18814.0,23287.1,17093.8,17741.2,15049.2,29861.3,19050.9,21900.4,26419.2,71708.4,10748.5,11867.1,24101.7,15018.5,31795.7,24751.4,23756.4,28113.0,22560.7,17857.6,24808.4,25227.3,21852.5,28150.9,22328.2,23375.9,27705.3,47097.2,18021.4,35329.1,24096.6,26466.9,26492.3,13876.3,13697.1,14935.0,16961.7,23399.4,23748.3,1825.6,27822.9,46123.8,2141.3,24869.0,24226.3,57599.5
70288587,46787.8,18508.1,23471.5,23138.7,25586.7,23395.2,14410.9,16195.3,19533.4,38617.9,30997.3,30999.8,59167.9,32458.5,23801.2,20111.7,15873.3,31605.1,31427.4,16248.8,12701.5,17374.6,19669.9,19452.7,24386.0,54669.8,40067.5,16522.3,25751.1,39062.2,6491.9,12129.3,60288.9,51843.2,43447.5,19653.7,7912.6,16141.4,49839.4,14009.3,15613.1,26154.0,19041.8,20767.1,58426.9,31744.4,29958.5,13938.8,13052.3,23647.2,42112.3,15438.0,847.4,42933.6,28407.2,25612.2,19199.3,59317.3,24403.4,41956.7,8181.1,28415.1,58852.4,41142.1,22265.2,21458.9,24838.6,24744.8,75886.6,22049.2,6561.0,17096.4,12104.5,19013.3,64583.7,17091.3,19971.4,14775.2,20944.9,43209.8,13102.5,19036.6,21038.1,23661.9,11905.9,23761.2,32599.9,23423.1,25044.3,18491.3,10671.3,10907.9,30078.1,62865.2,32241.7,18377.0,6633.9,22776.8,67632.1,24940.8,231.9,0.0,11303.2,22031.5,773.3,21773.6,44366.5,23427.9,8220.9,20338.3,23380.7,17323.6,14230.1,19486.3,22353.9,17470.6,12333.6,49117.5,19338.9,42011.8,18478.7,31722.7,21676.2,18747.3,23220.4,17027.1,17674.5,14982.6,29794.6,18984.2,21833.7,26352.6,71641.7,10681.8,12059.0,24035.0,14951.8,31729.0,24684.7,23689.7,28046.3,22494.0,17791.0,24741.7,25160.6,21785.9,28084.2,22261.6,23309.2,27638.7,47030.5,17954.7,35262.4,24030.0,26400.2,26425.6,13809.6,13630.4,14868.3,16895.0,23332.8,23681.6,1758.9,27756.3,46057.2,2074.6,24802.3,24159.6,57532.8
70337217,49766.0,12395.9,19463.9,19131.1,21579.1,19387.6,11758.8,4957.8,8296.0,35213.5,22070.2,22072.7,62146.1,35436.7,14987.5,15835.6,4635.9,21637.8,28202.2,5011.4,1464.1,14633.2,15785.1,16848.9,20501.1,52242.9,43045.7,5284.8,21866.3,35657.9,11510.1,18365.4,56403.0,54821.4,40043.2,9637.7,14148.6,4903.9,45954.5,2771.9,8510.8,22146.4,10065.0,9529.7,61405.1,21777.1,19991.1,5671.9,1814.9,14833.5,38708.0,24119.3,10188.5,39048.7,17169.8,16798.5,19869.8,62295.5,16796.1,38552.4,10081.1,31284.0,61830.6,37737.8,18257.6,21597.5,16024.7,22140.9,78864.8,18164.3,11579.3,11266.6,18340.5,15128.5,59695.1,5853.8,16086.6,12171.3,9707.5,39805.5,26114.2,16312.9,9800.6,26620.7,7487.1,19753.6,35578.1,26484.5,22440.4,7253.8,10222.9,10459.5,32947.0,58980.4,31361.1,14492.1,11346.0,31458.0,70610.3,15329.9,10830.8,10804.7,0.0,13217.7,10114.4,17766.0,41682.8,14614.2,10120.9,9100.9,19495.9,11046.0,2992.7,15601.5,18469.0,6233.2,1096.1,45232.6,17630.3,44990.0,14593.8,34700.9,10438.8,16143.4,14406.7,5789.7,13789.7,12330.4,17883.1,16380.4,17948.8,17425.4,74619.9,1284.6,25070.8,20027.4,3714.4,34707.3,13447.3,19804.9,24161.5,20795.2,20281.0,22137.9,22556.7,17901.0,16846.8,19657.7,19301.6,18711.5,43145.6,6717.3,32024.2,20022.3,17586.5,15188.2,5801.1,9435.6,3630.9,14860.0,12095.3,25966.5,9625.4,23871.4,42652.8,9087.8,20917.4,20152.0,53648.0
70337656,47255.2,6189.6,14170.9,13838.1,16180.2,14094.6,7866.4,8444.5,5085.3,29920.5,13713.6,13716.1,59635.4,34232.1,3553.3,10542.6,8655.1,10664.2,22909.2,8727.3,12041.3,9340.2,10492.1,13974.3,15208.1,46949.9,40534.9,8508.2,16573.3,30364.9,15414.5,21092.7,51110.0,52310.6,34750.2,3827.7,17784.5,9198.4,40661.5,11858.3,7741.7,16747.4,3993.5,3762.8,58894.3,10803.5,9017.6,9315.5,12876.9,3770.6,33415.0,34828.5,21166.9,33755.7,19420.4,5364.4,17273.9,59784.7,8762.8,33259.4,13985.4,28761.9,59319.8,32444.8,12964.6,19001.6,5756.3,17172.6,76354.0,12871.3,15483.6,5974.8,21067.8,9835.5,54402.1,8798.7,10793.6,9010.2,12134.8,34512.5,28841.5,14140.8,8181.4,24098.6,12375.7,14460.6,34373.6,23962.4,17472.1,5730.0,11856.4,11592.4,30424.9,53687.4,26068.1,9199.2,15250.4,42167.3,68099.5,5056.8,21809.1,21783.0,13183.0,0.0,21092.7,12473.0,36389.8,3180.1,14025.3,7481.6,14202.9,5753.0,14054.7,10308.5,13176.0,9719.8,12158.1,39939.6,13740.3,42479.2,9300.8,33496.4,10813.6,12061.7,2972.6,9276.3,8496.7,8965.7,6909.5,12558.8,12655.8,11623.3,72109.2,13552.9,27798.1,14734.4,10419.1,33502.7,10751.0,14511.9,18868.5,18199.3,17685.1,17169.5,17588.4,12608.0,19274.1,15944.7,14008.6,12909.4,37852.6,10895.2,26731.2,14729.3,6152.3,9386.1,9444.7,10371.9,14692.8,9567.0,14522.7,24954.2,20516.0,19346.0,37359.8,20339.0,15624.4,14787.0,48355.0
70337705,46097.5,17817.9,22781.2,22448.4,24896.4,22704.9,13720.7,15505.0,18843.1,37927.6,30307.0,30309.5,58477.6,31768.2,23110.9,19421.4,15183.0,30914.9,30737.1,15558.5,12011.2,16684.4,18979.7,18762.5,23695.7,53979.5,39377.2,15832.0,25060.8,38372.0,5801.6,11439.1,59598.6,51152.9,42757.2,18963.4,7222.3,15451.1,49149.1,13319.0,14922.8,25463.7,18351.5,20076.8,57736.6,31054.2,29268.2,13248.5,12362.1,22956.9,41422.0,14747.7,74.1,42243.3,27716.9,24921.9,18509.0,58627.0,23713.1,41266.4,7490.8,27724.8,58162.1,40451.9,21574.9,20768.6,24148.3,24054.5,75196.3,21358.9,5870.7,16406.1,11414.2,18323.1,63893.4,16401.0,19281.1,14084.9,20254.6,42519.5,13670.0,18346.3,20347.8,22971.6,11215.6,23071.0,31909.6,22732.8,24354.0,17801.0,9981.0,10217.6,29387.8,62174.9,31551.4,17686.7,5943.7,22086.5,66941.8,24250.5,799.4,773.3,10613.0,21341.2,0.0,21083.3,43676.2,22737.7,7530.6,19648.0,22690.4,16633.3,13539.9,18796.0,21663.6,16780.3,11643.3,48427.2,18648.6,41321.5,17788.4,31032.5,20986.0,18057.0,22530.1,16336.8,16984.2,14292.3,29104.3,18294.0,21143.4,25662.3,70951.5,9991.5,12626.5,23344.7,14261.5,31038.8,23994.4,22999.4,27356.0,21803.7,17100.7,24051.5,24470.3,21095.6,27393.9,21571.3,22618.9,26948.4,46340.2,17264.4,34572.1,23339.7,25709.9,25735.4,13119.3,12940.1,14178.0,16204.7,22642.5,22991.4,1068.6,27066.0,45366.9,1384.3,24112.0,23469.3,56842.5
70343296,35349.8,5834.5,2271.2,1669.4,4117.4,2194.9,7812.8,14624.0,11827.7,19498.9,25570.9,25573.3,47729.9,20058.5,14717.6,3072.8,14834.6,22521.5,12824.0,14906.8,16767.7,5032.5,2305.9,4982.4,5123.0,36528.3,28629.5,14687.7,6488.1,19943.2,15360.9,21039.1,40688.3,40405.2,24328.5,10570.1,17730.9,15377.9,30239.9,16584.8,11846.4,4684.6,9958.2,12377.6,46988.9,22660.8,20874.8,12139.5,17603.4,14563.6,22993.3,34774.9,21113.2,23334.1,30220.7,16528.6,8385.9,47879.3,8457.3,22837.7,13931.8,16856.5,47414.4,22023.1,491.6,10526.1,10894.0,7087.5,64448.6,1931.1,15430.0,8013.6,21014.2,3821.2,43980.5,13525.2,3967.7,9119.8,22935.1,24090.8,28787.9,6188.1,14930.9,12193.2,15708.2,2560.9,20200.0,12057.0,7386.9,13472.8,11802.8,11538.8,18519.5,43265.7,15982.9,4685.9,15196.7,42113.6,56194.1,15857.1,21755.5,21729.4,17909.4,12947.8,21039.1,0.0,25968.1,14344.3,13971.6,14231.1,4117.8,8240.8,18781.2,4133.7,2615.9,15899.3,16884.6,29518.0,5787.6,30573.8,3639.0,19322.8,21613.9,4007.1,14136.8,15455.8,5950.6,8912.1,17420.0,3563.5,1457.1,22423.6,60203.7,18279.4,27744.5,2565.6,15145.5,19329.1,18577.5,4426.7,8446.2,9311.3,8797.0,7084.4,7503.3,2522.9,30074.4,6568.7,1839.9,23709.7,27431.0,17074.7,16646.0,2560.6,17316.6,20186.4,12010.3,10318.3,19419.3,5395.4,25323.0,13048.7,20462.4,7283.2,26938.1,20285.4,5539.3,2690.2,37933.3
70343297,31720.9,33061.7,24268.0,25005.7,22369.8,24453.4,31449.1,38260.3,35464.0,8283.2,46903.9,46906.4,25449.7,21040.5,38480.1,26709.2,38471.0,43854.6,14336.6,38543.1,40404.0,28668.8,28207.0,27895.6,23880.0,16139.1,13878.9,38324.0,20761.2,8757.6,38997.2,40609.0,20299.2,18460.4,3939.3,34206.4,38639.7,39014.2,10370.5,40221.1,35482.7,22212.3,33594.5,36013.9,35083.1,43993.8,42207.9,35775.8,41239.7,38326.1,3360.4,56502.6,44507.1,5927.3,53857.1,37097.6,25888.9,25599.0,27837.4,4043.1,37568.1,19585.1,35508.6,4978.3,26028.9,24242.4,30729.0,22048.1,42210.0,24381.3,39066.3,31650.0,40584.1,30925.7,24111.1,37161.5,27604.1,32756.1,46571.4,3701.6,48357.9,26939.4,38567.2,22269.1,39344.5,24013.7,20802.6,22215.4,21570.7,37109.2,35439.2,35175.1,21248.1,23396.4,14900.4,30289.4,38833.1,65507.5,33955.5,39493.5,45149.4,45123.3,41545.7,36042.3,44433.0,25537.3,0.0,38106.8,37608.0,37867.5,23924.6,31877.1,42417.5,30166.2,26371.7,39535.7,40520.9,11062.9,26538.8,12280.7,28806.4,21974.7,45250.2,28258.7,37899.3,39092.1,29586.9,32548.5,38409.0,27212.8,24714.1,46059.9,36472.0,41915.7,47314.4,25612.3,38781.9,21981.0,42213.8,22758.6,18221.6,23440.1,26300.1,22045.1,21534.8,24016.9,53710.7,25360.7,24886.5,47346.0,3529.9,40711.1,11596.3,25607.3,39097.0,43822.7,35646.6,33954.7,43055.6,29031.8,48959.3,23207.1,43856.3,21209.3,5113.9,43679.3,20527.1,23611.9,18063.9
70343299,48249.1,7738.2,16772.9,15386.7,17174.1,15643.2,9415.0,9993.1,6633.9,31469.1,12403.5,12405.9,60629.2,35226.0,2614.5,12091.1,10203.7,9354.1,24457.7,10275.8,13589.8,10888.7,12040.7,15522.9,16756.7,48498.5,41528.8,10056.7,18121.8,31913.4,16963.1,22641.2,52658.5,53304.5,36298.7,5376.3,19333.1,10747.0,42210.1,13406.9,9290.3,17741.3,5542.1,4055.4,59888.2,9493.4,7707.4,10864.1,14425.5,2460.5,34963.5,36377.1,22715.4,35304.3,19696.9,3586.9,18822.5,60778.6,9756.7,34807.9,15534.0,29755.8,60313.7,33993.3,14513.2,20550.1,6750.2,18721.2,77347.9,14419.9,17032.2,7523.3,22616.4,11384.1,55950.7,10347.3,12342.1,10558.7,12411.2,36061.0,30390.1,15689.4,8457.8,25092.5,13924.3,17062.6,35367.5,24956.3,19020.6,6022.5,13405.0,13141.0,31418.8,55235.9,27616.6,10747.7,16798.9,43715.8,69093.4,4331.3,23357.7,23331.6,14731.5,2732.9,22641.3,14021.5,37938.3,0.0,15573.8,7758.1,15751.4,7301.6,15603.3,10609.3,14724.6,11268.4,13706.7,41488.2,15288.8,43473.1,10849.4,34490.3,11090.0,13610.3,1195.1,10824.9,10045.2,10514.3,5599.4,14107.3,14204.4,11899.7,73103.0,15101.5,29346.6,15842.6,11967.7,34496.6,9440.9,16060.4,20417.0,19747.9,19233.7,18718.1,19137.0,14156.6,19550.5,17493.3,15557.2,13185.8,39401.2,12207.8,28279.7,16277.9,5468.1,9662.5,10993.3,11920.5,16241.4,11115.5,14799.1,25948.0,22064.6,20339.9,38908.4,21887.6,17173.0,15780.9,49903.5
70347238,42513.0,10395.0,15358.3,15025.6,17473.6,15282.1,6297.8,8462.6,10591.7,29935.6,24365.9,24368.3,54893.1,28183.7,15688.1,11998.5,7732.0,23492.0,22745.0,8050.1,7632.3,9261.5,11556.8,11339.6,16272.8,50395.0,35792.7,7996.1,17638.0,30379.9,2066.5,8653.3,51125.0,47568.4,34765.2,11540.6,4436.5,7502.5,41726.3,7449.3,7499.9,18040.8,10928.6,11825.4,54152.1,23631.3,21845.3,5825.7,8467.9,15534.1,33430.0,21480.5,7818.9,34820.4,20745.2,17499.1,14360.6,55042.5,16290.3,33274.4,39.8,24140.3,54577.6,32459.8,14152.1,16088.2,16725.5,16631.7,71611.8,13936.1,2135.6,8983.3,8628.4,10900.2,55466.9,8149.5,11858.3,6662.1,13282.9,34527.5,16402.1,10803.7,12096.3,19387.1,3792.7,15648.1,28325.1,19148.3,16931.1,9549.5,2558.2,2794.8,25803.3,54752.1,25903.9,10263.9,1902.4,28819.3,63357.3,16827.6,8461.1,8435.0,8773.9,13918.3,7744.7,13660.4,37454.5,15314.8,0.0,11396.6,15267.6,9210.4,9645.7,11373.2,14240.7,9737.9,7749.1,41004.4,12121.1,37737.0,10365.6,27447.9,14014.3,10634.1,15107.3,9294.4,9561.4,6869.4,21681.4,10871.1,13720.6,19721.1,67366.9,9143.9,15358.7,15921.8,6010.1,27454.3,15742.9,15576.6,19933.2,15286.0,13516.2,16628.6,17047.5,13672.7,20422.2,14148.4,15196.1,21007.2,38917.3,10292.7,26580.0,15916.8,18287.1,17483.9,5696.5,5517.3,10283.8,8781.9,15670.8,19406.9,7168.0,19643.1,37374.8,6991.0,16689.2,16046.4,49419.7
70351585,46969.1,9599.1,16667.0,16334.2,18782.2,16590.7,9857.7,5698.9,4126.9,32416.7,12969.3,12971.7,59349.3,32639.8,8992.7,13038.7,5909.5,12536.9,25405.3,5981.7,9295.7,11836.3,12988.2,14947.8,17704.2,49446.1,40248.8,5762.6,19069.4,32861.0,13653.1,19341.2,53606.1,52024.5,37246.3,5468.7,16023.2,6452.8,43157.7,9112.7,6609.8,19349.5,5895.9,4271.8,58608.2,12676.2,10890.2,6569.9,10131.3,8838.7,35911.1,33067.1,19405.5,36251.8,16121.6,10115.2,17968.8,59498.6,12627.0,35755.5,12224.1,28487.1,59033.7,34940.9,15460.7,19696.4,11855.7,19668.8,76067.9,15367.5,13722.3,8469.7,19316.4,12331.6,56898.3,6053.1,13289.7,10270.3,8836.0,37008.6,27090.1,14411.9,699.7,23823.8,9630.1,16956.7,32781.3,23687.6,19968.2,3006.5,11479.0,11214.9,30150.1,56183.5,28564.2,11695.3,13489.0,40405.9,67813.5,6229.0,20047.8,20021.7,10437.4,9048.7,19331.4,14969.1,38885.9,8766.8,12263.9,0.0,16699.0,8249.1,7478.0,12804.6,15672.1,5037.7,9412.6,42435.8,15729.2,42193.1,11797.0,31904.1,7514.7,14242.3,9484.9,5668.4,10992.8,10429.4,8782.2,14479.3,15152.0,8324.5,71823.1,10807.3,26046.6,17230.5,7673.5,31910.4,4346.3,17008.0,21364.6,18894.1,18379.9,19665.7,20084.6,15104.1,15975.3,17756.6,16504.7,9610.6,40348.7,4449.7,29227.3,17225.5,9201.8,6087.3,6699.1,9994.5,11947.3,12063.1,11223.9,24069.4,18754.6,21074.5,39855.9,19224.4,18120.6,17355.1,50851.1
70351598,31536.0,11095.6,1189.2,3075.7,3457.2,1251.7,9483.1,16294.3,13498.0,18316.5,29461.3,29463.8,43916.1,17206.7,16387.9,4743.1,16504.9,26411.9,11305.2,16577.1,18438.0,6702.8,6241.0,5149.7,719.1,35345.9,24815.7,16358.0,4969.3,18760.9,17031.2,22709.3,39506.0,36591.4,23146.2,12240.4,19401.2,17048.2,29057.5,18255.0,13516.7,4024.5,11628.4,14047.9,43175.1,26551.2,24765.3,13809.7,19273.6,16233.9,21811.0,36445.2,22783.5,22151.7,31891.0,17130.3,8668.0,44065.5,7795.8,21655.4,15602.1,15119.3,43600.6,20840.8,3609.5,7058.0,10232.5,4125.2,60634.8,2415.3,17100.3,9683.9,22684.5,8959.7,42798.2,15195.4,5638.0,10790.1,24605.4,22908.5,30458.2,7100.6,16601.1,8407.9,17378.4,852.9,17348.1,8169.1,4424.7,15143.1,13473.1,13209.1,16782.3,42083.4,14464.1,8323.3,16867.0,43783.9,52380.3,17527.4,23425.8,23399.7,19579.7,15467.3,22709.4,3117.8,24785.8,16014.6,15641.9,15901.4,0.0,9911.1,20451.4,9432.7,3888.7,17569.6,18554.9,28335.6,6700.0,26760.0,6840.4,16470.9,23284.1,6292.7,15807.1,17126.1,7620.8,10582.4,20966.3,5246.8,2748.0,24093.9,56389.9,19949.6,29414.8,2955.8,16815.8,16477.2,20247.8,2907.9,7264.5,7042.3,9079.2,4122.2,4541.0,2050.9,31744.7,4765.3,2361.0,25380.0,26248.6,18745.0,15127.2,2950.7,21654.4,21856.7,13680.6,11988.6,21089.6,7065.7,26993.2,8625.9,22132.7,6623.0,25755.8,21955.7,4020.5,2121.2,36751.0
70361410,40311.6,2058.7,10009.5,9676.8,12124.7,9933.2,3707.9,7996.2,5191.7,25759.2,18934.8,18937.3,52691.8,25982.3,8081.6,6381.2,8206.8,15885.5,18747.8,8279.0,10139.9,5178.8,6330.7,9812.9,11046.8,42788.6,33591.3,8059.9,12411.9,26203.5,11256.0,16934.2,46948.6,45367.0,30588.8,3934.1,13626.0,8750.1,36500.2,9956.9,5218.6,12692.0,3322.1,5741.6,51950.7,16024.8,14238.8,7414.1,10975.5,7927.6,29253.6,30670.0,17008.4,29594.4,23584.7,9892.6,13112.6,52841.2,7306.7,29098.0,9826.9,21829.6,52376.2,28283.4,8803.2,14840.2,7848.5,13011.3,69410.4,8710.0,11325.1,556.5,16909.3,3042.6,50240.8,6897.3,6632.2,4851.7,16299.1,30351.1,24683.0,9979.5,8303.0,17166.3,10474.3,10299.3,26123.8,17030.2,13310.7,6845.0,7697.9,7433.9,23492.7,49526.0,21906.7,3760.3,11091.9,38008.8,61156.0,9221.1,17650.6,17624.5,11281.6,6311.8,16934.2,8311.6,32228.4,7708.3,9866.7,7603.3,10041.5,0.0,12153.3,3199.3,9014.6,9271.5,10256.8,35778.3,9578.9,35535.7,5139.5,25246.6,14977.8,7900.4,7500.8,8828.0,4335.3,4807.2,14074.9,8397.4,8494.5,15787.6,65165.6,11651.5,23639.6,10573.0,8517.7,25252.9,11949.7,10350.5,14707.1,14038.0,13523.8,13008.2,13427.1,8446.7,23438.4,11783.3,9847.2,17073.7,33691.3,10446.9,22569.8,10568.0,10680.6,13550.4,7543.3,6213.4,12791.5,5405.6,18686.9,17412.0,16357.5,14417.0,33198.4,16180.5,11463.1,10697.6,44193.6
70362005,50738.6,13368.6,20436.5,20103.8,22551.7,20360.2,12731.4,4799.1,9268.6,36186.2,16483.2,16485.7,63118.8,36409.3,15960.1,16808.2,4477.1,17547.9,29174.8,4852.6,2436.7,15605.8,16757.7,17821.5,21473.8,53215.6,44018.3,5126.1,22838.9,36630.5,12482.8,18170.9,57375.6,55794.0,41015.8,10610.3,14852.8,4745.2,46927.2,3744.5,9483.5,23119.0,11037.6,10502.3,62377.7,18055.3,19305.7,6644.6,1656.2,15806.1,39680.6,28851.3,14920.5,40021.4,13893.1,17771.1,20842.5,63268.2,17768.7,39525.0,11053.7,32256.6,62803.2,38710.4,19230.2,22570.1,16997.4,23113.6,79837.4,19137.0,12551.9,12239.3,18146.0,16101.1,60667.8,6826.5,17059.2,13144.0,6430.8,40778.1,25919.7,17285.6,10773.3,27593.3,8459.7,20726.3,36550.8,27457.1,23413.0,8226.5,11195.6,11432.2,33919.7,59953.0,32333.7,15464.8,12318.6,36190.0,71583.0,16302.6,15562.8,15536.6,5032.8,14190.4,14846.4,18738.6,42655.4,15586.9,11093.5,10073.5,20468.5,12018.6,0.0,16574.1,19441.6,4172.9,4008.0,46205.3,18602.9,45962.6,15566.5,35673.6,7162.1,17116.0,15379.3,3946.4,14762.3,13303.1,18855.7,17353.0,18921.5,11838.4,75592.6,5402.7,24876.3,21000.0,4687.0,35679.9,14419.9,20777.5,25134.1,21767.8,21253.6,23110.5,23529.4,18873.6,13570.1,20630.3,20274.2,13124.5,44118.3,3440.6,32996.8,20995.0,18559.1,11585.4,6773.8,10408.2,1481.7,15832.6,8818.6,26939.2,14357.4,24844.0,43625.4,13819.8,21890.1,21124.6,54620.6
70362055,39269.1,1967.6,6095.8,5339.9,7787.9,8890.8,5493.0,12304.2,8808.8,24716.7,22400.2,22402.7,51649.3,24939.8,10843.9,5338.8,12514.9,19350.8,17705.3,12587.0,14447.9,3827.1,2203.7,8739.9,10004.3,41746.1,32548.9,12367.9,11369.4,25161.0,13041.1,18719.3,45906.1,44324.6,29546.3,7551.2,15411.2,13058.1,35457.7,14265.0,9526.6,8355.2,7638.4,9358.7,50908.3,19490.1,17704.2,9819.7,15283.6,10689.9,28211.1,32455.1,18793.5,28551.9,27901.0,10069.2,11760.9,51798.7,4917.1,28055.5,11612.0,20787.2,51333.8,27240.9,3761.2,13488.5,6579.0,11968.8,68368.0,7667.5,13110.2,2670.7,18694.4,473.0,49198.3,11205.4,5589.7,5749.1,20615.3,29308.6,26468.1,8378.8,12611.1,16123.9,13388.4,6385.6,25081.3,15987.7,12268.2,11153.1,9483.1,9219.0,22450.2,48483.6,20864.2,1515.9,12877.0,39793.9,60113.5,13537.4,19435.7,19409.6,15589.6,8406.2,18719.3,7269.1,31186.0,10470.7,11651.9,11911.4,8999.0,3394.6,16461.4,0.0,4709.1,13579.5,14564.8,34735.8,8536.4,34493.2,4097.0,24204.1,19294.1,6857.9,10263.2,13136.0,2077.8,6592.3,13905.2,7354.9,7452.0,20103.8,64123.1,15959.6,25424.7,4859.0,12825.8,24210.4,16257.7,9308.0,13664.7,12686.3,12172.1,11965.7,12384.6,7404.2,27754.6,10740.9,5510.4,21389.9,32648.8,14755.0,21527.3,4854.0,14593.3,17866.6,9690.5,7998.6,17099.5,4053.9,23003.2,16369.5,18142.6,13374.6,32156.0,17965.7,10420.6,6360.8,43151.1
70373907,35411.9,4780.8,2711.1,2886.9,4179.5,2604.5,10207.1,14629.0,11269.8,19561.0,23856.8,23859.3,47792.1,22388.9,14342.6,5467.1,14839.6,20807.4,13876.4,14911.7,19162.0,7426.7,4237.0,7376.6,4202.8,36590.4,28691.6,14692.7,7540.5,20005.3,17755.2,23433.3,40750.4,40467.3,24390.6,10012.2,20125.2,15382.9,30302.0,18979.0,14240.7,4746.8,10178.0,11819.7,47051.0,20946.7,19160.8,14533.7,19997.6,14188.6,23055.4,37169.2,23507.5,23396.2,30988.4,14050.5,10780.1,47941.5,5537.1,22899.8,16326.1,16918.6,47476.5,22085.2,2205.1,11550.6,7973.8,8112.0,64510.7,3822.3,17824.3,6564.2,23408.5,4324.5,44042.6,15919.4,6362.0,11514.1,23702.8,24152.9,31182.2,8582.4,17325.1,12255.3,18102.4,3000.8,22530.3,12119.1,8411.4,15867.1,14197.1,13933.1,18581.6,43327.9,17035.3,5367.5,17591.0,44507.9,56256.3,16624.8,24149.8,24123.7,20303.7,11904.9,23433.4,2777.6,26030.3,13969.4,16365.9,16625.4,4247.4,7234.9,21175.4,3851.5,0.0,15904.3,19278.9,29580.1,8181.8,30635.9,5570.1,21653.1,22381.5,6401.4,13761.9,15460.8,5929.3,11306.4,15361.8,5957.8,3348.3,23191.3,60265.9,20673.6,30138.7,1474.2,17539.8,21659.4,20971.8,5479.1,8508.3,11534.9,11191.3,8108.9,8527.8,4131.1,30842.1,8962.9,1677.7,24477.4,27493.1,17079.7,17549.2,1469.2,16049.9,20954.1,14404.5,12712.6,21813.6,7789.7,26090.6,13110.9,22856.7,7345.3,27000.3,22679.7,6426.6,2752.4,37995.4
70374983,47813.2,10443.2,17511.1,17178.3,19626.3,17434.8,9786.0,1275.3,4976.0,33260.8,14888.0,14890.5,60193.4,33483.9,11667.5,13882.8,2207.7,15952.7,26249.4,2279.9,5845.8,12680.4,13832.3,14876.0,18548.3,50290.2,41092.9,2060.8,19913.5,33705.1,11192.6,16880.7,54450.2,52868.6,38090.4,6317.8,13562.6,2751.0,44001.8,7153.6,6538.0,20193.6,6745.0,6209.7,59452.3,16460.1,15235.3,5159.4,4586.9,11513.5,36755.2,32260.3,16944.9,37095.9,12297.9,13478.5,17897.0,60342.7,13476.1,36599.6,9763.5,29331.2,59877.8,35785.0,16304.8,19624.6,12704.8,20512.9,76912.0,16211.6,11261.7,9313.8,16855.8,13175.7,57742.4,5341.2,14133.8,10198.5,4835.6,37852.7,24629.5,14340.1,6480.7,24667.9,7169.6,17800.8,33625.4,24531.7,20812.3,3933.9,9905.4,10142.0,30994.2,57027.6,29408.3,12539.4,11028.4,39599.1,68657.6,10574.1,17587.2,17561.1,8441.9,9897.8,16870.8,15813.2,39730.0,11294.3,9803.3,5781.0,17543.1,9093.2,4160.9,13648.7,16516.2,0.0,7417.1,43279.9,15657.5,43037.2,12641.1,32748.2,5567.0,14170.6,11086.8,892.8,11836.9,10357.6,13127.2,14407.5,15996.1,10243.3,72667.2,8811.8,23586.1,18074.6,3934.1,32754.5,8691.4,17852.1,22208.7,18822.4,18308.2,20509.8,20928.7,15948.2,11974.9,17684.9,17348.8,11529.4,41192.8,1845.4,30071.4,18069.6,13546.9,9990.3,5288.5,9922.7,5642.7,12907.2,7223.5,24913.5,16294.1,21918.6,40700.0,17228.9,18964.7,18199.2,51695.2
70375866,49018.4,11648.3,18716.3,18383.5,20831.5,18640.0,11011.2,4210.2,7548.4,34465.9,21322.6,21325.1,61398.5,34689.1,14239.9,15088.0,3888.3,20890.2,27454.6,4263.8,716.5,13885.6,15037.5,16101.3,19753.5,51495.3,42298.1,4537.2,21118.7,34910.3,10762.5,16450.6,55655.4,54073.8,39295.6,8890.1,13132.6,4156.3,45206.9,2024.3,7763.2,21398.8,9317.4,8782.1,60657.5,21029.5,19243.5,4924.3,1067.3,14085.9,37960.4,27131.0,13200.3,38301.1,16422.2,16050.9,19122.2,61547.9,16048.5,37804.8,9333.5,30536.4,61083.0,36990.2,17510.0,20849.9,15277.1,21393.3,78117.2,17416.8,10831.7,10519.0,16425.8,14380.9,58947.5,5106.2,15339.0,11423.7,8959.9,39057.9,24199.5,15565.3,9053.0,25873.1,6739.5,19006.0,34830.5,25736.9,21692.8,6506.2,9475.3,9711.9,32199.4,58232.8,30613.5,13744.6,10598.4,34469.8,69862.7,14582.3,13842.5,13816.4,3312.5,12470.1,13126.1,17018.4,40935.2,13866.6,9373.3,8353.3,18748.3,10298.4,2245.1,14853.9,17721.4,5485.6,0.0,44485.0,16882.7,44242.4,13846.2,33953.3,9691.2,15395.8,13659.1,5042.1,13042.1,11582.8,17135.5,15632.8,17201.2,16677.8,73872.3,3682.5,23156.1,19279.8,2966.8,33959.7,12699.7,19057.3,23413.9,20047.6,19533.4,21390.3,21809.1,17153.4,16099.2,18910.1,18554.0,17963.9,42398.0,5969.7,31276.6,19274.8,16838.9,14440.6,5053.5,8688.0,2883.3,14112.4,11347.7,25218.9,12637.2,23123.8,41905.2,12099.5,20169.8,19404.4,52900.4
70382544,42595.2,37812.1,29018.4,29756.1,27120.3,29203.9,36199.6,43010.8,40214.5,13580.1,51654.3,51656.8,38955.7,26939.5,43230.5,31459.6,43221.4,48605.0,20212.8,43293.5,45154.5,33419.2,32957.5,32646.1,28630.4,21974.1,20591.6,43074.4,25511.6,17504.0,43747.6,46485.2,21254.8,24295.4,13358.1,38956.9,44515.9,43764.7,1051.8,44971.5,40233.2,26962.7,38344.9,40764.4,49278.7,48744.3,46958.3,40526.2,45990.1,43076.5,12779.2,62378.8,50383.3,6335.9,58607.5,41848.0,31765.1,39105.0,32587.8,13461.9,42318.6,25461.2,49704.2,12120.6,30779.3,32121.0,35479.5,26798.6,38494.9,29131.8,43816.8,36400.4,46460.3,35676.1,16744.7,41911.9,32354.5,37506.5,51321.9,13120.4,54234.0,34596.9,43317.6,28145.3,44094.9,28764.1,26701.6,28091.5,26321.1,41859.6,40189.6,39925.5,27124.3,16029.9,20776.5,35039.8,43583.5,71383.7,33895.3,44243.9,51025.6,50999.4,46296.2,40792.8,50309.2,30287.7,10880.0,42857.3,42358.4,42617.9,28675.0,36627.6,47167.9,34916.6,31122.1,44286.1,45271.3,0.0,34196.3,18993.4,33556.8,27873.6,50000.6,33009.2,42649.7,43842.6,34337.3,37298.9,43159.4,31963.3,29464.5,50810.4,44338.6,46666.1,53190.6,30362.7,43532.3,27879.9,46964.3,27509.1,22972.0,29316.3,32176.3,26795.5,26285.2,28767.3,58461.2,30111.1,29636.9,52096.5,8330.2,45461.5,17472.4,30357.7,43847.4,48573.2,40397.0,38705.1,47806.1,33782.2,53709.7,29083.3,49732.4,25959.7,14594.1,49555.5,25277.5,28362.3,10697.5
70382797,34599.3,9103.3,7925.3,7592.5,10040.5,7849.0,5799.6,12422.5,11975.6,21352.1,25897.2,25899.7,46979.4,20270.0,15443.1,4565.5,12633.2,23247.1,14161.6,12705.3,14566.2,4514.6,7697.8,3907.9,8965.0,38381.5,27879.0,12486.2,10330.2,21796.5,11966.4,15761.7,42541.6,39654.7,26181.7,11295.7,14336.4,13176.4,34418.5,14383.3,8086.5,10607.8,10683.7,12320.6,46238.4,23386.4,21600.4,8765.0,15401.9,15289.1,24846.6,31380.4,17718.7,27512.7,29049.5,17254.1,4672.2,47128.8,14380.5,24691.0,10537.3,16226.6,46663.9,23876.4,6719.0,7504.8,14856.1,9200.0,63698.1,6628.3,12035.5,8739.2,15736.9,7804.0,48159.1,11323.7,5052.3,4896.1,21763.9,25944.1,23510.6,400.6,13627.6,11854.1,10348.1,8215.0,20411.4,11615.3,9499.4,11271.3,8408.3,8144.3,17889.6,47444.3,17320.5,7167.7,11802.2,38719.1,55443.6,16582.7,18361.0,18334.9,15707.9,13673.4,17644.6,6227.4,27100.7,15069.9,10577.1,12927.9,7959.8,8966.3,16579.7,8277.0,9248.2,13697.8,14683.1,33696.6,0.0,29823.3,6254.6,19534.2,20442.7,3202.5,14862.4,13254.3,6465.2,5844.6,21436.5,3439.4,6412.8,21252.4,59453.2,16077.9,22467.1,8488.8,12944.1,19540.5,17274.3,8268.8,12625.4,6702.5,3251.6,9196.9,9615.8,6364.9,28903.2,6716.7,7763.0,22538.5,31609.6,14873.3,17996.6,8483.8,18042.1,19015.2,8635.8,6923.8,17217.8,4479.9,24151.8,11873.9,17067.8,13206.3,28791.4,16890.9,9381.4,8613.4,42111.9
70390789,20091.8,36093.5,27922.8,30068.5,22856.7,28346.3,35031.7,41842.9,39046.6,10630.5,55836.8,55839.2,21282.8,12102.7,44280.5,30291.8,42053.6,52787.4,14790.3,42125.7,43986.7,32251.4,31789.7,29208.9,27452.7,14945.5,2249.8,41906.6,21248.1,6975.2,36761.6,37587.9,19105.5,13382.9,9028.0,37789.0,35618.6,42596.9,18144.9,43803.7,36533.0,22699.2,37177.1,39596.6,31730.9,52926.7,51140.7,37211.5,44822.3,44126.5,6483.6,53481.5,41486.0,15810.1,57439.7,43505.7,25205.7,21432.2,34171.3,7166.2,38450.8,17592.9,32156.4,8101.4,31091.7,23623.6,36608.0,22535.0,38001.5,27963.9,36830.7,35232.6,37563.0,34508.3,23400.3,40744.1,31186.7,33342.6,50154.0,8459.1,45336.7,29012.7,42149.8,20161.1,41026.0,27586.4,12244.1,19922.3,22057.6,40691.8,36854.8,36590.8,19255.9,24137.5,11336.1,33872.0,36903.7,62486.4,29747.0,43076.1,42128.3,42102.1,45128.4,41842.8,41411.8,30600.1,8765.3,43907.2,38490.6,41450.1,27497.4,35459.7,46000.1,35968.6,31434.5,43118.3,44103.5,18837.3,28612.2,0.0,32389.0,12366.3,48832.8,29593.4,43699.7,42674.8,33169.5,36131.1,47341.8,29621.6,28296.7,49642.6,32263.5,45498.3,44293.3,30675.1,42364.5,12372.6,45796.4,26671.7,18708.5,23607.8,26444.3,22531.9,22021.7,27599.5,57293.3,26674.0,29949.3,50928.6,13322.5,44293.7,10625.9,30670.1,48029.8,47405.4,37082.3,35370.3,46638.2,32614.4,52541.9,20186.0,40835.1,21696.2,6468.7,40658.2,21013.9,28499.4,17274.2
70390799,36124.5,4228.3,5822.4,5489.7,7937.6,5746.1,4836.5,11647.8,8851.4,21572.1,22594.6,22597.1,48504.7,21795.2,11741.3,2194.1,11858.4,19545.3,14560.7,11930.5,13791.5,2087.8,1917.4,5625.8,6859.6,38601.5,29404.2,11711.4,8224.8,22016.4,12384.6,18062.8,42761.5,41179.9,26401.7,7593.8,14754.7,12401.7,32313.1,13608.5,8870.1,8504.9,6981.9,9401.4,47763.6,19684.6,17898.6,9163.2,14627.1,11587.3,25066.5,31798.6,18137.0,25407.3,27244.5,13552.3,9168.1,48654.1,8008.7,24910.9,10955.5,17642.5,48189.1,24096.3,4616.1,12262.8,9670.7,8824.2,65223.3,4522.9,12453.8,5037.4,18037.9,2618.6,46053.7,10548.9,2445.1,4680.5,19958.8,26164.0,25811.7,5792.4,11954.6,12979.2,12731.9,6112.2,21936.7,12843.0,9123.6,10496.6,8826.6,8562.5,19305.6,45338.9,17719.6,2292.7,12220.5,39137.4,56968.9,12880.9,18779.3,18753.1,14933.2,9971.6,18062.9,4124.5,28041.3,11368.1,10995.4,11254.9,5854.4,5264.5,15804.9,3091.6,4827.5,12923.1,13908.3,31591.2,5391.8,31348.5,0.0,21059.5,18637.6,3713.3,11160.6,12479.6,2358.8,5935.9,16996.8,4210.3,4307.4,19447.4,60978.5,15303.1,24768.2,6385.9,12169.3,21065.8,15601.2,6163.4,10520.0,10093.5,9579.3,8821.1,9240.0,4259.5,27098.1,7596.2,5660.1,20733.5,29504.2,14098.5,18382.7,6380.9,14340.3,17210.2,9034.0,7342.1,16443.0,2386.3,22346.7,13224.9,17486.1,10229.9,29011.3,17309.2,7276.0,6510.5,40006.5
70391025,17003.0,25056.2,16335.4,18483.4,18250.3,16398.0,23443.7,30254.9,27458.6,15602.2,45696.9,45699.4,29383.2,2396.8,30348.5,18703.7,30465.5,42647.5,11545.4,30537.7,32398.6,20663.4,20201.6,17642.4,15865.4,24885.0,10282.8,30318.6,16611.7,11260.2,25195.1,26021.4,30504.2,22058.4,20431.8,26201.0,24052.1,31008.8,27937.0,32215.6,24966.5,18817.6,25589.0,28008.5,28642.1,42786.8,41000.9,25645.0,33234.2,30194.5,19096.6,41915.0,29919.5,21031.2,45851.6,33365.9,13639.3,29532.6,24031.4,18941.0,26884.3,6026.4,29067.6,18126.4,18317.9,12057.1,26468.1,13657.6,46101.9,16375.9,25264.2,23644.5,25996.5,22920.3,34799.0,29156.0,19598.6,21776.1,38566.0,20194.1,33770.2,17446.2,30561.8,8594.7,29459.6,15999.1,2098.4,8355.8,13957.0,29103.7,25288.3,25024.3,7689.4,35536.1,11502.8,22283.9,25337.2,50919.9,37847.4,31488.0,30561.8,30535.6,33540.3,31702.9,29845.4,17826.3,21350.8,29975.2,26924.1,29862.0,15910.0,23871.7,34412.0,23393.3,19849.4,31530.2,32515.5,27215.1,17045.7,12227.1,20801.0,0.0,37244.7,18027.0,29767.7,31086.7,21581.5,22724.6,37201.9,18055.1,16708.6,38054.5,41857.0,33910.2,32726.8,18102.0,30776.4,6.3,34208.4,15083.6,17191.5,12041.4,14877.8,13654.5,14073.4,16011.5,45705.3,15107.5,18364.2,39340.6,25128.1,32705.6,11750.1,18097.0,37890.0,35817.3,25515.8,23803.8,35050.2,21026.3,40953.8,8619.5,29268.6,19150.2,18254.2,29091.7,16196.2,16914.3,35630.4
70391033,56758.7,15629.5,23610.8,23278.0,25683.7,23534.5,17306.3,6172.4,9873.2,39360.4,9420.2,9422.6,69138.9,43735.7,11569.9,19982.5,7104.8,10484.8,32349.1,7177.0,9587.0,18780.1,19932.0,19773.2,24648.0,56389.8,50038.4,6957.9,26013.2,39804.8,16089.7,21777.8,60549.9,61814.1,44190.1,13267.6,18459.8,7648.1,50101.4,10894.8,11435.1,26251.0,13433.4,10740.8,68397.8,10992.3,12242.6,10056.5,8577.1,11415.9,42854.9,36001.5,22070.8,43195.6,8900.7,13834.3,22794.1,69288.3,18266.4,42699.3,14660.6,38265.4,68823.3,41884.7,22404.5,24521.8,15259.9,26612.5,85857.5,22311.3,16158.8,15414.7,21752.9,19275.4,63842.0,10238.4,20233.5,18450.1,1438.5,43952.4,29526.7,23580.7,10750.1,33602.1,12066.7,23900.5,43877.1,33465.9,26912.0,8831.0,14802.5,15039.1,39928.4,63127.3,35508.0,18639.1,15925.6,43340.3,77603.1,9724.8,22713.0,22686.9,12183.1,11242.6,21996.6,21912.9,45829.7,11344.0,14700.5,10050.4,23642.8,15192.9,7150.3,19748.4,22615.9,5567.1,11158.2,49379.5,23180.2,51982.8,18740.7,42999.9,0.0,21501.6,11642.1,5340.6,17936.6,18405.6,12277.9,21998.6,22095.7,4775.4,81612.7,12553.0,28483.2,24174.3,7924.3,43006.3,5886.4,23951.8,28308.4,23719.5,23205.3,26609.4,27028.3,22047.9,8577.8,25384.6,23448.5,6061.5,47292.5,4296.9,36171.1,24169.3,12697.6,4522.4,10185.7,14819.8,8632.0,19006.9,3826.3,34457.7,21507.7,28849.5,46799.7,20970.0,25064.3,24290.5,57794.9
70395155,34486.8,7218.5,5476.1,5143.3,7591.3,5399.8,6362.7,12985.6,11110.2,21165.7,24853.4,24855.9,46867.0,20157.5,14000.1,2763.5,13196.2,21804.0,13975.2,13268.4,15129.3,2711.7,5254.2,2187.2,6521.5,38195.1,27766.5,13049.3,7886.6,21610.1,12529.4,18207.6,42355.2,39542.2,25995.3,9852.6,14899.5,13739.5,31974.9,14946.3,8649.5,8158.6,9240.7,11660.1,46125.9,21943.3,20157.4,9328.0,15964.9,13846.1,24660.1,31943.4,18281.8,25069.1,29503.2,15811.1,5590.7,47016.4,11931.3,24504.6,11100.4,16114.1,46551.4,23690.0,4269.8,7318.4,14367.9,7076.1,63585.7,4184.7,12598.6,7296.2,18182.7,5919.2,45715.5,11886.7,3250.2,5459.1,22217.6,25757.6,25956.5,3005.4,14213.4,11358.8,10911.2,5765.8,20299.0,11119.9,7375.5,11834.4,8971.4,8707.3,17777.1,45000.7,17134.1,5282.9,12365.3,39282.2,55331.2,15139.7,18924.1,18897.9,16271.0,12230.3,18207.7,3778.2,27703.1,13626.8,11140.2,13513.7,5516.2,7523.3,17142.7,6392.2,6799.0,14260.9,15246.2,31253.0,2604.8,29710.9,4452.6,19421.8,20896.4,0.0,13419.3,13817.4,4580.4,6407.7,19993.5,904.9,3969.2,21706.1,59340.8,16640.9,24913.0,6039.6,13507.1,19428.1,17860.0,5825.2,10181.8,6516.1,6001.9,7073.0,7491.9,3921.4,29356.9,4592.8,5313.8,22992.2,29166.0,15436.3,17810.2,6034.6,16599.1,19468.9,9198.9,7486.9,17780.9,2677.0,24605.5,11576.7,17630.9,10757.1,28605.0,17454.0,6937.8,6164.2,39668.3
70396487,48036.7,8461.6,16560.5,17298.2,16961.7,16746.0,10138.3,10716.4,7357.2,30113.9,13058.1,13060.6,60416.9,35013.7,800.4,12814.5,10927.0,10008.8,26499.7,10999.2,14313.2,11612.1,12764.0,16246.2,18862.2,55918.7,41316.4,10780.1,20163.8,30558.2,17686.4,23364.6,51303.3,53092.1,34943.5,6099.6,20056.5,11470.3,40854.9,14130.2,10013.6,17529.0,6265.4,4971.5,59675.8,10148.1,8362.1,11587.4,15148.8,551.3,33608.3,37100.4,23438.8,33949.1,21189.6,2391.8,19545.8,60566.3,9544.4,33452.7,16257.3,29543.5,60101.4,32638.1,15236.5,24174.0,6537.9,20735.3,77135.6,15143.3,17755.5,8246.7,23339.7,10870.0,54595.5,11070.6,13065.5,11282.1,13904.0,34705.8,31113.5,16412.7,9950.5,24880.1,14647.6,16850.3,35155.2,24744.0,21326.1,6938.7,14128.4,13864.3,31206.5,53880.8,29658.6,11471.1,17522.3,44439.2,68881.1,4999.6,24081.0,24054.9,15454.9,3237.1,23364.6,14744.9,36583.2,1434.6,16297.2,9250.8,16474.8,8024.9,16326.6,10397.0,13808.9,11991.7,14430.1,40133.0,16012.2,43260.8,11572.8,34278.0,12582.7,14333.6,0.0,11548.2,10768.6,11237.6,6574.1,14830.7,14927.8,13392.5,72890.7,15824.8,30070.0,15630.3,12691.0,34284.3,10109.2,18102.4,21290.5,20471.2,19957.0,20732.2,21466.5,14879.9,21043.3,18216.6,17179.0,9787.6,38046.0,13700.5,30321.7,15635.3,3179.8,11155.3,11716.6,12643.9,16964.8,11838.9,16291.8,25735.7,22787.9,20127.5,37553.2,22611.0,19215.0,15568.5,48548.3
70396492,47369.7,9999.7,17067.6,16734.8,19182.8,16991.3,9342.5,831.8,4532.5,32817.3,14661.6,14664.0,59749.9,33040.4,11224.0,13439.3,1764.2,15726.2,25805.9,1836.3,5157.7,12236.9,13388.8,14432.5,18104.8,49846.6,40649.4,1617.3,19470.0,33261.6,10749.1,16437.2,54006.7,52425.1,37646.9,5874.2,13119.1,2307.5,43558.3,6465.5,6094.5,19750.1,6301.5,5766.2,59008.8,16233.7,17484.0,4715.9,3898.8,11070.0,36311.7,31572.2,17641.5,36652.4,12071.4,13035.0,17453.5,59899.2,13032.6,36156.1,9320.0,28887.7,59434.3,35341.5,15861.3,19181.1,12261.3,20069.4,76468.5,15768.1,10818.2,8870.3,16412.3,12732.2,57298.9,4897.7,13690.3,9755.0,4609.1,37409.2,24186.0,13896.6,6037.2,24224.4,6726.1,17357.3,33181.8,24088.2,20368.8,3490.4,9461.9,9698.5,30550.7,56584.1,28964.8,12095.9,10584.9,38911.0,68214.1,11566.5,18283.7,18257.6,7753.8,9454.3,17567.3,15369.7,39286.5,10850.8,9359.8,5337.4,17099.6,8649.7,3934.4,13205.2,16072.7,892.8,6728.9,42836.4,15214.0,42593.7,12197.6,32304.7,5340.5,13727.1,10643.2,0.0,11393.4,9914.1,14119.6,13964.0,15552.6,10016.8,72223.7,8123.7,23142.6,17631.1,3246.0,32311.0,9683.8,17408.6,21765.2,18378.9,17864.7,20066.3,20485.2,15504.7,11748.4,17241.3,16905.3,11302.9,40749.3,1618.9,29627.9,17626.1,13823.0,9763.8,4845.0,9479.2,6193.1,12463.7,6997.0,24470.0,15850.6,21475.1,40256.5,16540.7,18521.2,17755.7,51251.7
70398370,37973.3,2678.9,7671.2,7338.5,9786.5,7595.0,4197.2,11008.4,8212.1,23420.9,21955.3,21957.8,50353.5,23644.0,11102.0,4043.0,11219.1,18905.9,16409.5,11291.2,13152.1,2531.3,3185.0,7444.1,8708.5,40450.3,31253.1,11072.1,10073.6,23865.2,11745.3,17423.5,44610.3,43028.8,28250.5,6954.5,14115.4,11762.3,34161.9,12969.2,8230.8,10353.7,6342.6,8762.0,49612.5,19045.2,17259.3,8523.9,13987.8,10948.0,26915.3,31159.3,17497.7,27256.1,26605.2,12913.0,10465.1,50502.9,6769.7,26759.7,10316.2,19491.4,50038.0,25945.2,6465.0,12192.7,8431.7,10673.0,67072.2,6371.7,11814.4,4398.1,17398.6,1379.6,47902.5,9909.6,4293.9,4453.3,19319.5,28012.8,25172.4,7083.0,11315.3,14828.1,12092.6,7961.0,23785.5,14691.9,10972.4,9857.3,8187.3,7923.2,21154.4,47187.8,19568.4,743.3,11581.2,38498.1,58817.7,12241.6,18140.0,18113.8,14293.8,9332.3,17423.5,5973.3,29890.2,10728.8,10356.1,10615.6,7703.3,4625.2,15165.6,1852.6,6676.4,12283.8,13269.0,33440.0,7240.6,33197.4,2801.2,22908.3,17998.3,5562.1,10521.2,11840.3,0.0,5296.6,15757.9,6059.1,6156.2,18808.0,62827.3,14663.8,24128.9,8234.7,11530.0,22914.6,14961.9,8012.2,12368.9,11390.5,10876.3,10669.9,11088.8,6108.4,26458.8,9445.1,7509.0,20094.1,31353.0,13459.2,20231.5,8229.7,13701.0,16570.8,8394.7,6702.8,15803.7,2758.1,21707.4,15073.7,16846.8,12078.8,30860.2,16669.9,9124.8,8359.3,41855.3
70398392,38750.3,5652.3,10492.8,10160.1,12608.1,10416.6,1555.1,8978.2,8055.5,26242.5,21798.6,21801.1,51130.4,24421.0,10945.3,6864.6,9188.9,18749.3,19231.2,9261.0,11121.9,3676.9,6814.1,6907.2,11530.1,43271.9,32030.0,9041.9,12895.3,26686.9,8537.5,14215.7,47432.0,43805.7,31072.1,6797.9,10907.6,9732.1,36983.5,10939.0,4642.2,13175.3,6185.9,8605.4,50389.4,18888.6,17102.6,5316.1,11957.6,10791.3,29736.9,27951.5,14289.9,30077.7,25605.2,12756.4,9928.2,51279.8,11547.6,29581.4,7108.5,22313.0,50814.9,28766.8,9286.6,11655.8,11982.8,12199.3,67849.1,9193.3,8606.7,4240.6,14190.8,6157.5,50724.1,7879.4,7115.5,1664.0,18319.6,30834.4,21964.6,6371.3,10183.3,16005.1,8884.8,10782.6,24562.4,15766.3,12498.7,7827.1,4979.5,4715.4,23976.0,50009.4,22390.1,5521.1,8373.4,35290.3,59594.6,12084.9,14932.2,14906.0,12263.6,9175.6,14215.8,8794.9,32711.8,10572.1,7148.3,9483.6,10524.9,4467.7,13135.4,6630.5,9498.0,10253.5,11238.8,36261.6,7688.6,33974.3,5622.8,23685.2,16998.4,6201.7,10364.6,9810.0,4818.7,0.0,16938.7,6438.7,8977.8,17808.1,63604.2,12633.6,20921.1,11056.4,9499.8,23691.6,13830.0,10833.9,15190.5,10853.5,10339.3,12196.2,12615.1,8930.0,25458.9,9716.0,10330.6,19094.2,34174.6,11429.0,22147.6,11051.3,13544.3,15570.9,5186.9,3495.0,13773.5,3197.2,20707.5,16024.9,13639.0,14900.4,33681.8,13462.1,11946.4,11180.9,44677.0
70398393,51798.0,13763.4,20321.8,21059.5,20723.0,20507.2,13377.7,13955.8,10596.6,31519.0,8682.9,8685.4,64178.1,38774.9,4705.7,16053.9,14166.4,5633.5,30260.9,14238.5,17552.5,14851.4,16140.3,19485.6,22623.4,48548.3,45077.7,14019.4,23925.0,31963.3,20925.8,26603.9,52708.4,56853.4,36348.6,9339.0,23295.8,14709.7,42259.9,17369.6,13253.0,21290.2,9504.8,8018.1,63437.1,5772.8,3986.8,14826.8,18388.2,4551.7,35013.4,40339.8,26678.1,35354.1,21792.2,6061.0,22785.2,64327.5,11433.0,34857.8,19496.7,33304.7,63862.6,34043.2,22082.7,27935.2,10301.4,24496.6,80896.8,22152.5,20994.9,11486.0,26579.1,14643.0,56000.6,14310.0,16304.8,14521.4,14719.1,36110.9,34352.8,19652.1,10068.0,28641.4,17887.0,20611.5,38916.4,28505.2,25087.3,11143.5,17367.7,17103.7,34967.7,55285.8,33419.8,15685.9,20761.6,47678.5,72642.3,4195.7,27320.4,27294.3,18694.2,6695.6,26604.0,21591.0,37988.2,4479.8,19536.5,9368.2,22668.1,11264.3,19566.0,14170.0,15697.5,14406.0,17669.4,41538.1,19251.5,47022.0,14812.1,38039.2,13397.9,17573.0,5197.9,14787.6,14008.0,14477.0,0.0,18070.0,21678.5,11953.8,76651.9,19064.2,33309.4,19391.5,15930.4,38045.5,9305.3,21863.6,25051.8,27919.5,23196.4,24493.5,25227.7,18119.3,21858.4,25925.4,20940.3,11837.8,39451.0,13817.9,34082.9,19396.5,1201.3,9987.1,14956.0,15883.2,20204.1,15078.2,17107.0,29496.9,26027.3,23888.8,38958.2,25850.3,22976.2,19329.8,49953.4
70400253,33943.5,9273.2,4932.8,4600.0,7048.0,4856.5,6195.5,12818.4,11675.5,20797.7,25418.7,25421.2,46323.7,19614.2,14565.4,2920.7,13029.1,22369.3,13607.1,13101.2,14962.1,2906.1,4710.9,1632.4,5978.2,37827.1,27223.2,12882.1,7343.3,21242.0,12362.3,18040.4,41987.1,38998.9,25627.3,10417.9,14732.3,13572.3,31431.6,14779.2,8482.4,7615.3,9806.0,12225.4,45582.6,22508.6,20722.7,9160.9,15797.8,14411.4,24292.1,31776.3,18114.6,24525.8,30068.5,16376.4,5035.9,46473.1,11388.0,24136.5,10933.2,15570.8,46008.1,23321.9,3726.5,6763.6,13824.6,6532.8,63042.3,3641.4,12431.4,7861.5,18015.6,7137.2,45172.2,11719.6,3815.5,5292.0,22782.9,25389.6,25789.3,2838.2,14023.5,10815.5,10744.0,5222.5,19755.7,10576.6,6832.2,11667.3,8804.2,8540.2,17233.8,44457.4,16766.0,6500.9,12198.1,39115.0,54787.9,15705.0,18756.9,18730.8,16103.8,12795.6,18040.5,3234.9,27159.8,14192.1,10973.0,13323.8,4972.9,8088.6,16975.6,7610.2,6255.7,14093.8,15079.0,30709.7,2437.6,29167.6,5017.9,18878.5,21461.7,657.2,13984.6,13650.3,5798.4,6240.6,20558.8,0.0,3425.9,22271.4,58797.5,16473.8,24745.9,5496.3,13340.0,18884.8,17670.2,5281.9,9638.5,5961.3,5447.1,6529.7,6948.6,3378.1,29922.2,4049.5,4770.5,23557.5,28622.7,15269.2,17442.1,5491.3,17164.4,20034.2,9031.7,7319.7,17613.7,2871.5,25170.8,11033.4,17463.8,10213.8,28236.9,17286.8,6394.5,5620.9,39125.0
70401488,33747.3,6952.2,1681.6,1821.0,4390.0,1605.4,8302.3,15113.5,12317.2,18521.8,26060.4,26062.9,46127.5,18744.9,15207.1,3562.4,15324.1,23011.0,11510.4,15396.3,17257.2,5522.0,3423.6,4319.5,3809.3,35551.2,27027.0,15177.2,5174.5,18966.1,15850.4,21528.6,39711.2,38802.7,23351.4,11059.6,18220.4,15867.4,29262.8,17074.3,12335.9,4957.2,10447.7,12867.1,45386.4,23150.3,21364.4,12629.0,18092.9,15053.1,22016.2,35264.4,21602.8,22356.9,30710.2,17018.1,8875.4,46276.8,8729.9,21860.6,14421.3,15254.0,45811.9,21046.0,1609.3,9212.5,11166.6,5773.9,62846.1,1421.7,15919.5,8503.2,21503.7,7778.9,43003.4,14014.7,4457.2,9609.3,23424.6,23113.7,29277.4,6677.6,15420.4,10590.7,16197.7,1971.4,18886.4,10454.5,6073.3,13962.3,12292.3,12028.3,16917.0,42288.6,14669.3,7142.6,15686.3,42603.2,54591.6,16346.7,22245.0,22218.9,18398.9,13437.3,21528.6,1117.7,24991.0,14833.8,14461.2,14720.7,2804.1,8730.3,19270.7,5251.4,3186.9,16388.8,17374.1,28540.9,6277.1,28971.3,5659.6,18009.2,22103.4,4496.6,14626.3,15945.3,6440.1,9401.6,21900.5,4053.0,0.0,22913.1,58601.3,18768.9,28234.0,2427.5,15635.1,18015.5,19067.0,3113.1,7469.7,9196.8,9286.6,5770.8,6189.7,1077.5,30563.9,7058.2,1701.8,24199.2,26453.8,17564.3,15332.4,2422.5,17806.1,20675.9,12499.8,10807.8,19908.8,5884.9,25812.5,10174.6,20951.9,7555.8,25961.0,20774.9,4225.7,2962.8,36956.2
70405783,57941.7,16812.6,24793.8,24461.1,26866.8,24717.5,18489.3,13174.1,14129.1,40543.5,4848.3,4850.8,70321.9,44918.7,12753.0,21165.5,14106.5,5913.0,33532.1,14178.6,19297.8,19963.1,21115.0,24597.2,25831.0,57572.9,51221.5,13959.6,27196.2,40987.8,23655.3,29343.4,61732.9,62997.2,45373.1,14450.7,26025.3,14649.8,51284.5,19114.8,16611.9,27434.0,14616.5,11923.8,69580.9,6420.4,7670.8,16572.1,15578.8,12599.0,44037.9,43069.3,29407.6,44378.7,10945.3,15017.4,27896.9,70471.3,19449.4,43882.3,22226.2,39448.5,70006.4,43067.7,23587.5,29624.5,16442.9,27795.6,87040.6,23494.3,23724.4,16597.7,29318.5,20458.4,65025.1,16055.2,21416.5,19633.1,8440.1,45135.4,37092.2,24763.8,11933.1,34785.2,19632.2,25083.6,45060.2,34649.0,28095.0,13008.7,21481.1,21217.0,41111.5,64310.3,36691.0,19822.1,23491.1,50408.0,78786.1,10907.8,30049.9,30023.8,20439.5,12425.6,29333.5,23095.9,47012.7,12527.0,22266.0,11233.4,24825.8,16375.9,14151.9,20931.4,23798.9,12568.8,19414.7,50562.6,24363.2,53165.8,19923.8,44183.0,7118.9,22684.7,12825.1,12342.3,19119.6,19588.7,11519.6,23181.7,23278.8,0.0,82795.7,20809.4,36048.8,25357.3,14926.0,44189.3,3580.5,25134.8,29491.4,28822.2,28308.0,27792.5,28211.4,23230.9,12068.6,26567.6,24631.5,1489.6,48475.6,11298.6,37354.1,25352.3,12536.7,5705.4,16701.2,19996.6,15633.7,20189.9,10828.0,35640.7,28756.8,30032.5,47982.7,29226.5,26247.4,25473.6,58977.9
70405785,29209.5,66476.7,58306.0,60451.7,60218.6,58729.5,65415.0,72226.2,69429.9,38936.5,86220.0,86222.4,11347.3,42485.9,74663.7,60675.0,72436.8,83170.6,53495.1,72508.9,74369.9,62634.6,62172.9,59592.1,57835.9,22020.1,32975.3,72289.8,58561.4,38362.1,67144.8,67971.1,25423.2,21415.3,33658.3,68172.3,66001.8,72980.1,43954.7,74186.9,66916.2,60785.8,67560.3,69979.8,13451.8,83309.9,81523.9,67594.7,75205.5,74509.7,34013.8,83864.7,71869.2,41795.0,87822.9,73888.9,55589.0,11496.7,64554.5,34696.4,68834.0,47976.1,13877.3,35631.7,61474.9,54006.8,66991.2,55607.3,5576.4,58347.2,67213.9,65615.8,67946.2,64891.5,28227.7,71127.3,61569.9,63725.8,80537.3,33089.4,75719.9,59395.9,72533.0,50544.4,71409.3,57969.7,42627.3,50305.5,55906.7,71075.0,67238.0,66974.0,49639.1,28964.8,51059.7,64255.2,67286.9,92869.6,9818.0,73459.3,72511.5,72485.3,75511.6,72226.0,71795.1,60983.3,36295.5,74290.5,68873.8,71833.3,57880.6,65842.9,76383.3,66351.8,61817.7,73501.5,74486.7,44647.2,58995.4,31878.7,62772.2,42749.5,79216.0,59976.7,74082.9,73058.0,63552.7,66514.3,77725.0,60004.8,58679.9,80025.8,0.0,75881.5,74676.5,61058.3,72747.7,42755.8,76179.6,57054.9,48908.2,53991.1,56827.5,55604.2,56023.1,57982.7,87676.6,57057.2,60332.5,81311.9,35709.4,74676.9,42249.6,61053.3,78413.1,77788.6,67465.5,65753.5,77021.5,62997.6,82925.1,50569.2,71218.3,61121.4,31099.0,71041.4,58167.5,58882.6,35912.4
70408272,52661.2,12951.6,20019.5,19686.8,22134.8,19943.3,12314.5,5513.5,8851.6,35769.2,20315.6,20318.0,65041.4,38331.9,15543.1,16391.2,5191.5,22193.4,28757.8,5567.0,2019.7,15188.8,16340.8,17404.5,21056.8,52798.6,45940.9,5840.5,22421.9,36213.5,12365.3,18002.8,56958.6,57716.6,40598.8,10193.4,13786.1,5459.6,46510.2,3327.5,9066.5,22702.0,10620.6,10085.3,64300.3,22332.7,20546.8,6227.6,2370.6,15389.1,39263.6,23756.7,9825.9,39604.4,17725.4,17354.1,20425.5,65190.8,17351.7,39108.0,10636.7,31839.7,64725.8,38293.4,18813.2,22153.1,16580.4,22696.6,81760.0,18720.0,12434.4,11822.3,17977.9,15684.2,60250.8,6409.5,16642.2,12727.0,10263.1,40361.1,25751.7,16868.6,10356.3,29535.4,8042.8,20309.3,38473.4,29296.5,22996.0,7809.5,10778.6,11015.2,33502.7,59536.0,31916.7,15047.8,12507.4,31095.5,73505.6,15885.6,10468.2,10442.1,2676.6,13773.4,9751.8,18321.6,42238.4,15169.9,10676.6,9656.6,20051.5,11601.7,3548.4,16157.1,19024.7,6788.8,1651.8,45788.3,18186.0,47885.3,15149.5,37596.2,10994.5,16699.0,14962.4,6345.3,14345.3,12886.1,18438.7,16936.0,18504.5,15670.8,77515.2,0.0,24708.2,20583.0,4270.1,37602.5,14002.9,20360.5,24717.1,21350.9,23664.4,22693.5,23112.4,18456.7,17402.4,20213.3,19857.3,16956.9,43701.3,7272.9,32579.8,20578.0,18142.1,15743.9,6356.8,9991.2,4186.5,15415.6,12651.0,29555.1,9262.9,24427.1,43208.4,8725.2,21473.1,20707.6,54203.6
70408277,48885.5,24335.0,29298.3,28965.6,31413.6,29222.1,20237.8,22416.8,24545.9,40715.7,38320.1,38322.6,61265.7,34556.2,29628.1,25938.5,21686.3,37432.0,33525.1,22004.4,21586.5,23201.5,25496.8,25279.6,30212.8,56767.5,42165.2,21950.4,33776.7,41160.0,13385.9,6801.9,62386.7,53940.9,45545.3,25480.6,12242.9,21456.8,53405.5,21403.5,21439.9,31980.8,24868.7,25779.6,60524.6,37571.3,35785.3,19765.7,22422.2,29474.1,44210.1,9333.7,12700.7,46499.6,34699.5,31439.1,21297.1,61415.1,30230.3,44054.5,15075.1,30512.8,60950.1,43239.9,28092.1,23556.6,30665.5,30822.6,77984.4,27876.1,13455.1,22923.3,6921.9,24840.2,66681.5,22103.8,25798.3,20602.1,27237.2,45307.6,1189.0,21134.4,26050.6,25759.7,17747.0,29588.1,34697.7,25520.8,31122.0,23503.8,16498.2,16734.8,32175.8,66431.3,34339.4,24203.9,13528.0,18490.7,69729.9,30767.6,11870.0,12059.0,22728.2,27858.3,12626.5,27600.4,46464.3,29254.8,15115.0,25350.9,29207.6,23150.4,23600.0,25313.2,28180.7,23692.1,21703.4,52683.6,21436.7,44109.6,24305.6,33820.5,27968.5,24574.1,29047.3,23248.6,23501.4,20809.4,35621.4,24811.1,27660.6,33675.4,73739.5,23098.2,0.0,29861.8,19964.3,33826.8,29697.2,29516.6,35190.1,24591.8,19888.7,30819.5,31238.4,27612.7,34376.5,26831.0,29136.1,34961.5,50596.5,24247.0,37360.2,29856.8,32227.1,31438.2,19636.5,19457.3,24238.1,22721.9,29625.1,25779.4,17459.5,33583.1,48154.9,17282.5,30629.2,29986.4,61098.9
70408280,34683.8,5634.6,1827.0,2948.8,3295.5,1880.2,10909.8,16118.6,12759.4,18677.0,24177.0,24179.4,47064.0,21660.8,14662.8,6169.9,16329.2,21127.6,13140.4,16401.3,19864.7,8129.5,4443.7,5995.7,3318.7,35706.3,27963.6,16182.2,6804.5,19121.3,18457.9,24136.1,39866.4,39739.2,23506.6,11501.8,20827.9,16872.5,29417.9,19681.8,14943.4,3862.7,11667.6,13309.3,46322.9,21266.9,19480.9,15236.5,20700.4,14508.8,22171.4,37871.9,24210.3,22512.1,31308.6,14370.7,9514.0,47213.4,5857.3,22015.8,17028.8,16190.6,46748.4,21201.2,2411.9,10814.7,8293.9,7376.1,63782.7,3098.0,18527.0,11110.7,24111.2,5178.2,43158.6,16622.2,7064.7,12216.8,24023.0,23268.9,31884.9,9285.1,18027.9,11527.2,18805.2,2116.8,21802.3,11391.1,7675.5,16569.8,14899.8,14635.8,17853.6,42443.8,16299.3,6221.2,18293.8,45210.7,55528.2,16945.0,24852.5,24826.4,21006.4,12225.1,24136.1,3480.3,25146.2,14289.5,17068.7,17328.2,3363.4,11337.8,21878.2,4705.3,1589.8,17393.9,19981.6,28696.1,8884.6,29907.9,5776.8,20925.1,22701.7,7104.1,14082.0,16950.4,9047.6,12009.1,15682.0,6660.5,2624.0,23511.5,59537.8,21376.4,30841.5,0.0,18242.6,20931.4,21674.5,4743.1,7624.2,10799.0,9925.2,7373.0,7791.9,3406.8,31162.3,8804.8,953.4,24797.6,26609.0,18569.3,16962.4,5.0,16370.1,21274.3,15107.3,13415.3,22516.3,8492.4,26410.8,12382.8,23559.4,6461.2,26116.2,23382.4,5855.7,1868.3,37111.4
70412170,46514.6,9144.6,16212.5,15879.7,18327.7,16136.2,8507.4,2490.1,5044.6,31962.2,18818.8,18821.3,58894.8,32185.3,11736.1,12584.2,1759.6,18386.4,24950.8,2077.7,3901.3,11381.8,12533.7,13597.5,17249.7,48991.5,39794.3,2023.7,18614.9,32406.5,8258.8,13946.9,53151.6,51570.0,36791.8,6386.3,10628.8,1530.1,42703.2,3718.3,5259.5,18895.0,6813.6,6278.3,58153.7,18525.7,16739.7,2420.6,3381.5,11582.1,35456.6,27672.8,14011.1,35797.3,14772.8,13547.1,16618.4,59044.1,13544.7,35301.0,6829.7,28032.6,58579.2,34486.4,15006.2,18346.1,12773.3,18889.6,75613.4,14913.0,8327.9,8015.2,13922.0,11877.1,56443.8,2602.4,12835.2,8920.0,7310.5,36554.1,21695.7,13061.5,6549.2,23369.3,4235.7,16502.2,32326.7,23233.1,19189.0,4002.4,6971.6,7208.1,29695.6,55729.0,28109.7,11240.8,8094.6,35011.5,67359.0,12078.5,14653.4,14627.3,5043.0,9966.3,13937.0,14514.6,38431.4,11362.8,6869.5,5849.5,16244.5,7794.6,5914.7,12350.1,15217.6,3765.4,4018.2,41981.3,14378.9,41738.6,11342.5,31449.6,8041.9,12892.0,11155.3,3321.9,10538.3,9079.1,14631.7,13129.0,14697.5,14174.0,71368.6,5412.9,20652.3,16776.0,0.0,31455.9,10195.9,16553.5,20910.1,17543.8,17029.6,18886.5,19305.4,14649.6,14449.8,16406.3,16050.2,15460.1,39894.2,4320.3,28772.8,16771.0,14335.1,11936.8,2549.7,6184.2,6552.9,11608.6,9698.4,22715.2,13360.3,20620.0,39401.4,13830.0,17666.1,16900.6,50396.6
70419671,17009.3,25062.5,16341.7,18489.8,18256.6,16404.3,23450.0,30261.2,27464.9,15608.5,45703.2,45705.7,29389.5,2403.1,30354.8,18710.0,30471.8,42653.8,11551.8,30544.0,32404.9,20669.7,20207.9,17648.8,15871.7,24891.4,10289.1,30324.9,16618.0,11266.5,25201.4,26027.7,30510.5,22064.8,20438.1,26207.3,24058.4,31015.1,27943.3,32221.9,24972.8,18823.9,25595.3,28014.8,28648.5,42793.1,41007.2,25651.3,33240.5,30200.8,19102.9,41921.3,29925.8,21037.5,45857.9,33372.2,13645.6,29538.9,24037.8,18947.3,26890.6,6032.7,29074.0,18132.7,18324.2,12063.4,26474.4,13663.9,46108.2,16382.2,25270.5,23650.8,26002.8,22926.6,34805.3,29162.3,19604.9,21782.4,38572.3,20200.4,33776.5,17452.6,30568.1,8601.0,29465.9,16005.4,2104.7,8362.1,13963.3,29110.0,25294.6,25030.6,7695.7,35542.4,11509.1,22290.2,25343.5,50926.2,37853.7,31494.3,30568.1,30541.9,33546.6,31709.2,29851.7,17832.6,21357.1,29981.5,26930.5,29868.3,15916.3,23878.0,34418.3,23399.6,19855.7,31536.5,32521.8,27221.4,17052.0,12233.4,20807.3,6.3,37251.0,18033.3,29774.0,31093.0,21587.8,22731.0,37208.3,18061.4,16714.9,38060.8,41863.3,33916.5,32733.1,18108.3,30782.7,0.0,34214.7,15089.9,17197.8,12047.7,14884.1,13660.8,14079.7,16017.8,45711.6,15113.8,18370.5,39346.9,25134.4,32711.9,11756.4,18103.3,37896.3,35823.6,25522.1,23810.1,35056.5,21032.6,40960.2,8625.8,29274.9,19156.5,18260.5,29098.0,16202.5,16920.6,35636.8
70422303,54111.5,12982.3,20963.5,20630.8,23036.5,20887.3,13907.8,9748.9,8177.0,36713.2,7267.4,7269.9,66491.7,41088.4,7719.4,17335.3,9959.6,8332.0,29701.8,10031.7,13345.7,16132.8,17284.8,18997.8,22000.8,53742.6,47391.2,9812.6,23365.9,37157.5,17703.2,23391.3,57902.6,59166.9,41542.8,9518.7,20073.2,10502.8,47454.2,13162.7,10659.8,23603.8,9945.9,8093.5,65750.6,8839.5,9616.9,10620.0,14181.4,7565.4,40207.6,37117.2,23455.5,40548.4,14573.8,8841.9,22018.8,66641.0,15619.1,40052.0,16274.1,35618.2,66176.1,39237.4,19757.3,23746.4,12612.6,23965.3,83210.3,19664.0,17772.3,12767.4,23366.4,16628.2,61194.8,10103.1,17586.2,14320.3,8327.2,41305.1,31140.1,18461.9,5981.0,30954.9,13680.1,21253.3,41229.9,30818.7,24264.7,7056.6,15529.0,15265.0,37281.2,60480.1,32860.7,15991.8,17539.0,44455.9,74955.9,4955.7,24097.8,24071.7,14487.4,8595.4,23381.4,19265.6,43182.5,7493.5,16313.9,5281.3,20995.6,12545.7,15359.2,17101.2,19968.7,10319.0,13462.6,46732.3,19779.3,49335.5,16093.5,40352.7,7005.9,18292.3,8211.6,10580.7,15289.3,14479.4,7508.8,18529.3,19448.5,3974.6,78965.5,14857.4,30096.7,21527.0,11723.5,40359.0,0.0,21304.5,25661.2,22944.2,22430.0,23962.2,24381.1,19400.7,15466.5,21806.6,20801.3,2518.7,44645.3,9731.0,33523.8,21522.0,7928.5,1494.9,10749.1,14044.5,15997.3,16359.6,10715.0,31810.5,22804.7,26202.3,44152.5,23274.4,22417.1,21643.3,55147.6
70423734,31093.4,10519.3,2343.6,4491.6,4154.1,2406.1,12452.6,19263.9,16467.6,15578.8,30262.5,30265.0,43473.6,16764.1,18706.3,7712.7,19474.5,27213.2,8567.4,19546.6,21407.6,9672.3,7329.1,7756.8,1873.5,32608.2,24373.1,19327.5,2231.5,16023.1,20000.7,25595.6,36768.2,36148.8,20408.4,15210.0,23626.3,20017.8,26319.8,21224.6,16486.3,3532.4,14598.0,17017.5,42732.5,27352.5,25566.5,16779.3,22243.2,18552.3,19073.2,39414.7,25753.1,19414.0,35352.1,17931.5,10114.4,43622.9,8597.1,18917.6,18571.7,12611.4,43158.0,18103.0,5514.8,7231.7,11033.8,4443.3,60192.2,3661.5,20069.9,12653.5,25570.8,10867.4,40060.4,18165.0,8607.6,12993.2,28066.4,20170.7,33344.5,9707.6,19570.7,7948.1,20348.0,2007.3,16905.6,7811.9,3965.9,18112.7,16442.7,16178.6,14274.4,39345.6,11726.3,11292.9,19836.6,46753.5,51937.8,20988.5,26395.4,26369.3,22549.3,16268.5,25679.0,5023.2,22048.0,18333.0,18611.5,18871.0,1918.2,12880.6,23421.0,10394.4,5857.6,20539.2,21524.4,25597.9,9307.1,22959.8,9809.9,16028.4,26745.2,8647.0,18125.5,20095.7,10590.4,13552.0,21767.6,8203.3,3696.5,27554.9,55947.4,22919.2,32301.0,4110.2,19785.4,16034.7,23217.3,0.0,4526.7,7216.0,10525.6,4440.2,3930.0,3436.4,35205.7,5221.8,4372.4,28841.0,23510.9,21714.6,12389.4,4105.2,22455.6,25317.7,16650.1,14958.2,24059.2,10035.3,30454.3,8193.7,25102.2,4236.7,23018.0,24925.3,1282.7,2922.4,34013.2
70423736,33209.2,15598.1,7157.7,7895.4,5259.5,7343.1,13985.6,20796.8,18000.5,11859.3,32926.0,32928.5,38199.3,19314.5,21369.8,9245.6,21007.4,29876.7,6570.3,21079.6,22940.5,11205.3,10743.5,11844.1,6416.4,28888.7,21075.3,20860.5,4709.6,12303.7,21533.7,29090.6,33048.8,31605.4,16688.9,16742.9,23903.7,21550.7,22600.3,22757.5,18019.2,5102.0,16130.9,18550.4,44848.3,30016.0,28230.0,18312.2,23776.2,21215.8,15353.7,40947.7,27286.0,15694.5,36393.5,20595.0,14201.7,38348.6,10727.1,15198.2,20104.6,11818.7,45273.8,14383.6,8918.6,11319.0,13727.2,5996.6,54959.6,6917.8,21602.8,14186.4,29065.8,13462.2,36340.9,19697.9,10140.5,15292.6,29107.9,16451.2,36839.5,13794.9,21103.7,10750.7,21881.0,6550.2,19076.6,10697.0,5519.2,19645.6,17975.6,17711.6,13481.7,35626.2,9729.2,12825.8,21369.5,48286.4,46705.1,22029.9,27928.3,27902.2,24082.2,18932.1,27211.9,8427.0,18328.6,20996.5,20144.4,20403.9,6461.1,14413.6,24953.9,13055.9,9261.4,22072.1,23057.4,21878.4,13394.3,19240.3,11342.9,18144.2,27786.6,10795.2,20789.0,21628.6,12123.4,15084.9,24431.1,9749.3,7250.5,28596.4,58063.2,24452.1,35796.0,8502.0,21318.3,18150.5,24750.3,5295.1,0.0,11303.3,14612.9,5993.5,5483.3,6553.4,36247.2,9309.1,7776.2,29882.5,19791.4,23247.5,9847.5,8497.0,25119.1,26359.2,18183.1,16491.1,25592.1,11568.2,31495.8,11688.7,26635.2,3229.1,19298.6,26458.2,3778.3,6501.6,30293.8
70428043,28136.0,13875.6,7843.5,9991.5,9758.4,7906.1,10571.9,17194.8,16747.9,17068.0,30669.5,30672.0,40516.2,13806.7,20215.5,10211.8,17405.5,32713.1,9877.5,17477.6,19338.6,9278.8,11709.7,5517.9,7373.4,36018.0,21415.7,17258.5,8292.0,17512.3,16738.7,17808.0,38257.4,33191.4,21897.6,16068.0,15838.7,17948.8,31498.5,19155.6,12858.8,10325.6,15456.0,17093.0,39775.1,32852.4,31066.4,13537.3,20174.2,20061.5,20562.4,33701.6,21706.1,24592.6,33821.8,23431.4,4288.1,40665.6,14097.0,20406.8,15309.6,9763.3,40200.6,19592.2,9826.0,1035.2,16533.7,5337.9,57234.8,7884.0,16807.8,13511.5,17783.1,12576.4,45239.1,16096.0,11106.7,9668.4,26536.2,21659.9,25556.9,5338.6,18399.9,5010.1,15120.4,7507.2,13948.2,4771.3,5637.3,16043.7,13180.6,12916.6,11426.3,44524.3,13036.4,11940.0,16574.5,42706.5,48980.4,21355.0,22348.4,22322.3,20480.2,21768.5,21632.0,9334.4,22816.6,19842.2,15349.4,17700.2,7418.1,13738.7,21352.0,13049.3,11357.5,18470.2,19455.4,30776.6,4938.0,23360.0,12309.0,13071.0,25215.0,5919.3,19634.7,18026.7,11237.5,10617.0,27267.5,5814.0,8216.7,26024.7,52990.0,20850.2,24513.4,9610.1,17716.4,13077.3,22046.6,6591.7,9705.4,0.0,4699.3,5334.8,5753.7,7519.5,33675.5,3201.9,9872.3,27310.8,28689.5,19645.6,13712.5,9605.1,22814.5,23787.5,13408.1,11696.1,21990.1,9584.3,28924.1,5029.9,21055.3,10658.3,24507.2,20878.3,7704.3,8422.4,39191.9
70430210,30941.3,14179.9,11031.8,10699.0,13147.0,10955.5,10876.2,17499.2,17052.2,20793.8,30973.8,30976.3,43321.5,16612.0,20519.8,9019.7,17709.8,28323.7,13603.3,17781.9,19642.9,7988.2,10809.9,5822.2,11609.6,38823.3,24221.0,17562.8,12371.4,21238.2,13586.1,14412.4,41983.3,35996.7,25623.4,16372.3,12443.1,18253.1,33483.6,19459.9,13163.1,13714.3,15760.3,17397.3,42580.4,28463.0,26677.0,13841.6,20478.5,20365.8,24288.2,30306.0,18310.5,26577.8,34126.2,22330.8,2451.1,43470.9,17487.0,24132.7,15275.3,12568.6,43005.9,23318.1,9825.5,4830.2,19923.6,9417.3,60040.1,8999.7,13655.2,13815.8,14387.5,12880.7,47224.2,16400.3,9914.5,9972.7,26840.5,25385.7,22161.2,3104.5,18704.3,7815.5,17850.5,11743.4,16753.5,7576.6,9716.7,16348.0,13484.9,13220.9,14231.6,46509.5,16762.2,12244.3,13728.2,39310.9,51785.7,21659.3,18952.8,18926.6,20784.6,18750.0,18236.3,9333.9,26542.4,20146.5,15315.1,18004.5,11654.3,14043.0,21656.3,13353.7,12354.7,18774.5,19759.7,32761.7,3286.6,26165.4,11116.9,15876.3,25519.3,6223.6,19939.0,18331.0,11541.8,10921.3,26513.1,6118.3,8784.2,26329.0,55795.3,21154.5,21117.8,11595.3,18020.7,15882.6,22350.9,10827.9,13784.8,6144.2,0.0,9414.2,9833.1,8709.1,33979.8,6934.0,10869.5,27615.1,30674.7,19949.9,17438.3,11590.3,23118.8,24091.8,13712.4,7726.6,22294.4,9888.6,29228.4,7835.2,17659.6,14894.4,28233.1,17482.7,11940.5,11719.9,41177.0
70430246,29380.4,14007.4,5286.6,7434.6,7201.4,5349.1,12394.8,18691.4,16409.7,15593.4,33205.5,33208.0,41760.6,15051.2,19299.6,7654.9,18902.0,30156.2,8582.0,18974.2,20835.1,9614.5,9152.7,5928.5,4816.5,32622.8,22660.2,18755.1,3127.9,16037.7,18235.2,23882.7,36782.8,34435.9,20423.0,15152.1,21913.4,19445.3,26334.4,20652.1,14355.3,7327.3,14540.2,16959.6,41019.6,30295.5,28509.5,15033.8,21670.7,19145.6,19087.8,37649.2,23987.6,19428.6,34802.8,20874.5,8286.1,41910.0,11540.1,18932.2,16806.1,11007.7,41445.1,18117.6,7269.1,5403.4,13976.7,3.1,58479.3,5327.0,18304.3,12595.7,23857.8,11871.4,40075.0,17592.5,8549.8,11164.9,27517.1,20185.3,31631.6,7879.3,19512.9,6252.4,16617.0,4950.2,15192.6,6013.5,891.9,17540.2,14677.2,14413.1,12670.8,39360.2,11740.9,11235.1,18071.1,44988.0,50224.8,20439.2,24629.8,24603.7,21976.8,19211.5,23913.4,6777.4,22062.6,18926.3,16846.0,18813.2,4861.2,12822.8,22848.5,12344.4,8800.6,19966.7,20952.0,25612.5,7478.8,24604.5,9752.1,14315.4,26195.9,7143.6,18718.8,19523.2,10532.6,12113.5,24710.6,6341.2,5659.8,27005.6,54234.4,22346.7,30588.1,7053.2,19212.9,14321.7,23159.5,4034.8,4541.3,5387.7,8697.3,0.0,839.3,4962.6,34656.4,3393.6,7315.4,28291.7,23525.5,21142.1,12404.0,7048.1,21898.6,24768.4,14904.6,13192.7,23486.7,9977.5,29905.0,6480.8,23336.7,6541.5,23032.6,23159.8,5147.4,5865.4,34027.8
70433907,30182.9,14676.3,5964.7,8112.7,6732.8,6027.2,13063.7,19875.0,17078.6,14841.3,33883.6,33886.1,42563.1,15853.6,19968.5,8323.8,20085.6,30834.3,7829.9,20157.7,22018.7,10283.4,9821.7,6730.9,5494.6,31870.7,23462.6,19938.6,2375.8,15285.6,19037.7,24685.1,36030.7,35238.3,19670.9,15821.0,22715.9,20628.9,25582.3,21835.7,15157.8,6575.2,15209.1,17628.6,41822.0,30973.5,29187.6,15836.3,22854.3,19814.5,18335.7,38451.7,24790.0,18676.4,35471.7,21552.6,9088.6,42712.5,12200.3,18180.1,17608.6,11810.2,42247.5,17365.5,7938.0,6205.8,14654.8,883.5,59281.7,5996.0,19106.8,13264.6,24660.3,12540.3,39322.9,18776.1,9218.7,11967.4,28186.1,19433.2,32434.0,8681.8,20181.8,7054.9,17419.4,5628.3,15995.1,6816.0,118.4,18723.8,15479.6,15215.6,13473.2,38608.1,10988.8,11904.0,18873.5,45790.4,51027.3,21108.1,25432.3,25406.2,23160.4,19889.6,24715.9,7446.4,21310.5,19595.3,17648.4,19482.1,5539.2,13491.7,24032.1,13013.3,9478.6,21150.3,22135.5,24860.4,8281.2,22222.2,10421.0,15117.9,26864.8,7946.1,19387.8,20706.8,11201.5,12915.9,25388.7,7143.6,6328.7,27674.6,55036.9,23530.3,31390.6,7731.2,20396.5,15124.2,23828.4,4373.2,3789.2,6190.1,9499.8,880.4,0.0,5631.5,35325.4,4196.0,7993.5,28960.7,22773.3,22325.7,11651.9,7726.2,22567.5,25437.4,15707.1,13995.1,24670.2,10646.4,30573.9,7283.3,24139.2,5789.4,22280.5,23962.2,4169.8,6543.5,33275.7
70435202,32080.4,9664.1,1902.0,2472.0,5200.5,1825.7,8051.5,14862.7,12066.4,17528.0,25809.6,25812.1,44460.6,17751.1,14956.3,3311.6,15073.4,22760.2,10516.6,15145.5,17006.4,5271.2,4074.6,3601.7,2815.6,34557.4,25360.1,14926.4,4180.7,17972.3,15599.6,21277.8,38717.4,37135.8,22357.6,10808.8,17969.7,15616.6,28269.0,16823.5,12085.1,5767.8,10196.9,12616.3,43719.5,22899.5,21113.6,12378.2,17842.1,14802.3,21022.4,35013.6,21352.0,21363.2,30459.5,16767.3,7119.9,44610.0,9539.1,20866.8,14170.5,13598.5,44145.0,20052.2,2260.3,8218.7,11975.8,4780.1,61179.3,415.0,15668.7,8252.4,21252.9,7528.1,42009.6,13763.9,4206.5,9358.5,23173.8,22119.9,29026.7,5552.5,15169.6,8935.1,15946.9,2949.3,17892.6,8799.0,5079.5,13711.6,12041.6,11777.5,15261.5,41294.8,13675.5,6891.8,15435.5,42352.4,52924.8,16095.9,21994.3,21968.1,18148.1,13186.6,21277.8,1768.7,23997.2,14583.0,14210.4,14469.9,1810.3,8479.5,19019.9,8001.1,3838.0,16138.0,17123.3,27547.1,5151.9,27304.5,5408.8,17015.4,21852.6,4861.1,14375.5,15694.5,6189.3,9150.8,22709.6,3815.2,740.2,22662.3,56934.4,18518.1,27983.2,3078.6,15384.3,17021.7,18816.2,2119.3,6475.9,8203.0,7531.1,4777.0,5195.9,0.0,30313.1,5106.6,2352.8,23948.4,25460.1,17313.5,14338.6,3073.5,17555.3,20425.1,12249.0,10557.1,19658.0,5634.2,25561.7,9180.8,20701.1,6185.9,24967.2,20524.2,3231.9,3864.5,35962.4
70450886,65641.0,24511.9,32493.1,32160.3,34566.0,32416.8,21517.4,13006.7,16707.4,48242.8,17168.6,17171.1,78021.2,52618.0,20452.2,28864.8,13939.1,18233.3,41231.4,14011.2,16421.2,27662.4,28814.3,26607.4,33530.3,65272.2,58920.8,13792.1,34895.5,48687.1,22924.0,28612.1,69432.2,70696.5,53072.4,18049.1,25294.0,14482.3,58983.8,17729.0,18269.4,35133.3,18476.4,19623.1,77280.2,18740.7,19991.1,16890.7,15411.3,20298.3,51737.2,42835.8,28905.0,52077.9,1246.7,22716.7,29628.4,78170.6,27148.7,51581.6,21494.9,47147.8,77705.7,50767.0,31286.8,31356.0,24142.2,35494.9,94739.9,31193.6,22993.1,24297.0,28587.2,28157.7,72724.4,17072.6,29115.8,21929.9,7698.9,52834.7,36360.9,26071.5,19632.4,42484.4,18900.9,32782.9,52759.5,42348.3,35794.3,15665.2,21636.8,21873.3,48810.8,72009.6,44390.3,27521.4,22759.8,50174.5,86485.4,18607.1,29547.3,29521.2,19017.3,20124.9,28830.9,30795.2,54712.0,20226.3,21534.7,18932.7,32525.1,24075.2,13984.5,28630.7,31498.2,12401.4,17992.5,58261.9,27388.9,60865.1,27623.1,51882.3,8981.4,25901.9,20524.4,12174.9,26818.9,22089.0,23839.9,26138.9,30978.1,12523.8,90495.0,19387.3,35317.5,33056.6,14758.5,51888.6,14768.7,32834.1,37190.7,30553.8,30039.6,35491.8,35910.7,30930.2,0.0,29416.2,32330.8,13809.9,56174.8,11131.2,45053.4,33051.6,21579.9,13404.7,17019.9,21654.1,15466.2,27889.2,5541.6,43340.0,28341.9,37731.8,55682.0,27804.3,33946.7,33172.8,66677.2
70464173,30902.8,12713.5,6154.5,8040.4,8069.4,6217.1,9746.6,16369.6,15115.9,17757.0,28859.0,28861.5,43283.0,16573.5,18005.8,6361.0,16580.2,25809.7,10566.4,16652.4,18513.3,6925.5,8151.3,3606.7,5684.4,34786.3,24182.5,16433.3,6446.2,18201.3,15913.4,20355.7,38946.4,35958.2,22586.6,13858.3,18283.5,17123.5,29652.6,18330.3,12033.5,8636.6,13246.3,15665.8,42541.9,25949.0,24163.0,12712.0,19348.9,17851.8,21251.4,35327.4,21665.8,22746.8,32996.6,19816.8,5900.7,43432.4,12408.0,21095.8,14484.3,12530.1,42967.4,20281.2,7166.9,3563.3,14844.7,3492.1,60001.6,6195.0,15982.6,11301.8,20330.8,10577.6,43393.3,15270.7,7255.9,8843.1,25711.0,22348.9,28104.6,5557.5,17574.7,6962.9,14295.2,5818.2,16715.0,6724.0,3791.5,15218.4,12355.4,12091.3,14193.1,42678.5,13725.3,9941.2,15749.3,42666.2,51747.2,19145.3,22308.1,22281.9,19655.0,16236.0,21591.7,6675.2,25380.9,17632.5,14524.2,16875.0,5729.1,11529.0,20526.7,11050.6,9696.1,17644.9,18630.2,28930.7,5157.0,26126.9,8458.3,15837.8,24389.7,4821.8,17425.0,17201.4,9238.8,9791.7,25578.5,4019.4,5754.7,25199.5,55756.8,20024.9,27061.1,8936.6,16891.1,15844.1,21221.3,4902.7,7859.6,2761.0,6311.9,3489.0,3907.9,5830.5,32850.3,0.0,8210.9,26485.6,26843.7,18820.3,14401.4,8931.6,20604.8,22962.3,12582.9,10870.9,21164.9,6890.9,28098.8,6982.6,21014.9,8969.3,25196.2,20838.0,6015.3,6733.4,37346.1
70464520,34086.1,6437.8,1245.3,2367.1,2853.7,1477.2,10009.0,16820.2,14023.9,18235.2,28859.1,28861.6,46466.3,21063.1,17302.9,5269.1,17030.9,25809.8,12550.6,17103.0,18963.9,7228.7,5130.3,5592.7,2737.0,35264.6,27365.8,16883.9,6214.7,18679.6,17557.1,23235.3,39424.7,39141.5,23064.8,12766.3,19927.2,17574.1,28976.2,18781.0,14042.6,3421.0,12154.4,14573.8,45725.2,25949.1,24163.1,14335.7,19799.6,17148.9,21729.6,36971.1,23309.5,22070.4,32416.9,16528.1,9111.0,46615.7,7193.7,21574.0,16128.0,15592.8,46150.7,20759.5,3316.0,10224.8,9630.4,6786.2,63184.9,2695.0,17626.2,10209.9,23210.4,5981.5,42716.8,15721.4,6163.9,11316.0,25131.3,22827.1,30984.1,8384.4,17127.1,10929.5,17904.4,1535.1,21204.5,10793.3,7085.6,15669.1,13999.1,13735.0,17255.8,42002.1,15709.5,8849.3,17393.0,44309.9,54930.5,18053.4,23951.7,23925.6,20105.6,14865.1,23235.3,2824.4,24704.5,16929.6,16167.9,16427.4,2781.7,10437.0,20977.4,5508.5,2393.0,18095.5,19080.8,28254.3,7983.8,29310.2,7366.3,20327.4,23810.1,6203.3,16722.1,17652.0,8146.8,11108.3,20364.2,5759.7,2221.0,24619.8,58940.1,20475.6,29940.7,1460.0,17341.8,20333.7,20773.7,4153.3,7182.5,10209.1,9522.2,6783.1,7202.0,3003.9,32270.6,7097.6,0.0,25905.9,26167.3,19271.0,16223.4,1455.0,21052.2,22382.6,14206.5,12514.6,21615.5,7591.7,27519.2,11785.1,22658.6,6019.5,25674.5,22481.7,5100.8,1426.6,36669.6
70464553,58873.0,17743.8,25725.0,25392.3,27798.0,25648.8,15932.6,14105.4,10201.7,41474.7,5330.9,5333.4,71253.2,45850.0,9744.2,22096.8,11984.3,6395.6,34463.3,12056.5,15370.5,20894.3,22046.3,21022.6,26762.3,58504.1,52152.7,11837.4,28127.4,41919.1,19728.0,25416.0,62664.1,63928.4,46304.3,11543.5,22098.0,12527.6,52215.7,15187.5,12684.6,28365.3,11970.7,12855.0,70512.1,6903.0,4203.9,12644.8,16206.1,9590.2,44969.1,39142.0,25480.3,45309.9,11876.5,10866.7,24043.6,71402.5,20380.6,44813.5,18298.9,40379.7,70937.6,43999.0,24518.8,25771.2,17374.1,28726.8,87971.8,24425.5,19797.1,17528.9,25391.2,21389.7,65956.3,12127.9,22347.7,16345.1,9371.4,46066.6,33164.9,20486.7,8005.8,35716.4,15704.9,26014.8,45991.4,35580.2,29026.2,9081.4,17553.8,17289.7,42042.7,65241.6,37622.2,20753.3,19563.8,46480.7,79717.4,6980.5,26122.6,26096.5,16512.2,13356.9,25406.2,24027.1,47944.0,9518.3,18338.7,7306.1,25757.1,17307.2,15083.2,21862.7,24730.2,13500.0,15487.4,51493.8,21804.1,54097.0,20855.0,45114.2,8050.1,20317.1,10236.4,13273.5,20050.9,16504.2,8052.8,20554.1,24210.0,2038.1,83727.0,16882.1,32121.5,26288.5,13748.3,45120.5,2348.0,26066.0,30422.7,24969.0,24454.7,28723.7,29142.6,24162.2,12999.9,23831.4,25562.8,0.0,49406.8,12229.8,38285.3,26283.5,9069.9,3005.7,12773.9,16069.3,16564.9,21121.1,11759.2,36572.0,24829.4,30963.8,48914.0,25299.2,27178.6,26404.8,59909.1
70465560,40198.3,35415.2,26621.5,27359.2,24723.3,26806.9,33802.6,40613.8,37817.5,11183.1,49257.4,49259.9,25145.5,24542.5,40833.6,29062.7,40824.5,46208.1,17815.9,40896.6,42757.6,31022.3,30560.6,30249.1,26233.5,15835.0,14452.5,40677.5,23114.7,11557.1,41350.7,44088.3,15912.3,18156.2,6738.8,36559.9,42119.0,41367.8,7842.2,42574.6,37836.2,24565.8,35948.0,38367.5,34779.0,46347.4,44561.4,38129.3,43593.2,40679.6,6159.9,59981.9,47986.4,6911.2,56210.6,39451.1,29368.2,25294.9,30190.9,6842.6,39921.6,23064.3,35204.5,7777.8,28382.4,29724.0,33082.5,24401.7,43333.0,26734.8,41419.9,34003.5,44063.4,33279.2,21582.8,39515.0,29957.6,35109.6,48924.9,6501.2,51837.1,32200.0,40920.7,25748.4,41698.0,26367.2,24304.6,25694.6,23924.2,39462.7,37792.7,37528.6,24727.3,20868.0,18379.6,32642.9,41186.6,68986.8,30273.0,41847.0,48628.6,48602.5,43899.3,38395.9,47912.2,27890.8,4260.7,40460.3,39961.5,40221.0,26278.1,34230.6,44771.0,32519.7,28725.2,41889.2,42874.4,8534.6,31799.4,12854.3,31159.9,25476.7,47603.7,30612.3,40252.8,41445.7,31940.4,34902.0,40762.5,29566.3,27067.6,48413.4,36167.9,44269.2,50793.7,27965.8,41135.4,25483.0,44567.3,25112.1,20575.1,26919.4,29779.4,24398.6,23888.3,26370.4,56064.2,27714.2,27240.0,49699.5,0.0,43064.6,15075.5,27960.8,41450.5,46176.3,38000.1,36308.2,45409.1,31385.3,51312.8,26686.4,47335.5,23562.8,6609.2,47158.6,22880.6,25965.4,15535.6
70484079,48988.6,11618.6,18686.5,18353.8,20801.7,18610.2,10961.4,2450.7,6151.5,34436.2,13629.4,13631.9,61368.8,34659.3,12768.3,15058.2,3383.1,14694.1,27424.8,3455.3,5865.3,13855.8,15007.7,16051.5,19723.8,51465.6,42268.3,3236.2,21088.9,34880.5,12368.0,18056.1,55625.6,54044.0,39265.8,7493.2,14738.1,3926.4,45177.2,7173.1,7713.4,21369.0,7920.4,7385.2,60627.7,15201.5,16451.9,6334.8,4855.4,12614.4,37930.6,32279.8,18349.1,38271.4,11039.3,13890.8,19072.4,61518.2,14651.6,37775.0,10938.9,30506.7,61053.2,36960.4,17480.2,20800.1,13880.2,21688.3,78087.4,17387.0,12437.1,10489.3,18031.2,14351.1,58917.8,6516.7,15309.2,11374.0,3577.0,39028.1,25805.0,15515.5,5706.6,25843.3,8345.0,18976.3,34800.8,25707.2,21987.7,5109.3,11080.8,11317.4,32169.7,58203.0,30583.7,13714.8,12203.9,39618.6,69833.0,10004.6,18991.3,18965.2,8461.4,11073.2,18274.9,16988.6,40905.4,12542.4,10978.8,5006.9,18718.5,10268.7,3428.6,14824.1,17691.7,1845.4,7436.5,44455.3,16832.9,44212.7,13816.5,33923.6,4308.4,15346.0,12262.2,1618.9,13012.3,11533.0,12557.8,15583.0,17171.5,8984.7,73842.6,8831.3,24761.5,19250.0,4202.6,33929.9,8122.0,19027.5,23384.1,19997.8,19483.6,21685.2,22104.1,17123.7,10716.3,18860.3,18524.3,10270.8,42368.3,0.0,31246.8,19245.0,12977.4,8731.7,6464.0,11098.1,4910.3,14082.6,5964.9,26089.0,17786.0,23094.1,41875.4,17248.3,20140.1,19374.6,52870.6
70490239,27066.1,24033.6,15239.9,15977.6,13341.8,15425.3,22421.0,29232.3,26435.9,4879.7,37875.8,37878.3,31219.6,11410.3,29452.0,17681.1,29442.9,34826.5,3939.1,29515.0,31376.0,19640.7,19179.0,16523.2,14851.9,21909.1,17241.1,29295.9,11733.1,5324.0,29385.2,30211.5,26069.1,24625.8,9709.3,25178.3,28242.2,29986.2,17361.9,31193.0,24062.0,13184.2,24566.4,26985.9,38705.2,34965.8,33179.8,24740.5,32211.6,29298.0,8374.1,46105.1,34109.6,10456.1,44829.0,28069.5,15491.4,31369.0,18809.3,8218.5,26512.8,9187.5,39130.7,7403.9,17000.8,13844.9,21700.9,13020.1,47979.9,15353.3,29454.3,22621.9,30186.6,21897.6,31102.5,28133.4,18576.0,20871.6,37543.4,9471.6,37960.3,16541.8,29539.1,11871.6,26323.7,14985.6,11172.4,11817.8,12542.6,28081.1,24383.9,24119.8,10850.5,30387.7,4203.0,21261.3,29527.3,55110.0,39725.5,30465.4,34751.8,34725.7,32517.7,27014.3,34035.4,16509.2,10628.3,29078.7,26552.7,28839.4,14896.5,22849.0,33389.4,21138.1,17343.6,30507.6,31492.8,16640.0,16141.2,12260.7,19778.3,12344.5,36222.1,17738.4,28871.2,30064.1,20558.8,21820.2,29380.9,16935.9,15686.0,37031.9,42242.0,32887.6,36916.9,16584.2,29753.8,12350.8,33185.7,13730.5,9193.5,13042.6,15902.6,13017.0,12506.7,14988.8,44682.7,13988.3,15858.4,38318.0,14553.0,31683.0,0.0,16579.2,30068.9,34794.7,24611.4,22899.4,34027.5,20003.7,39931.2,12809.6,33458.7,12181.2,12318.9,33281.8,11499.0,14583.8,25055.3
70490240,34678.8,5639.6,1832.0,2953.8,3300.5,1875.2,10407.0,16113.5,12754.4,18682.0,24171.9,24174.4,47059.0,21655.8,14657.8,5667.0,16324.2,21122.6,13135.4,16396.3,19361.9,7626.7,4448.7,5990.7,3323.7,35711.4,27958.5,16177.2,6799.5,19126.3,17955.1,23633.2,39871.4,39734.2,23511.6,11496.8,20325.1,16867.5,29423.0,19178.9,14440.6,3867.7,11662.6,13304.3,46317.9,21261.9,19475.9,14733.6,20197.5,14503.8,22176.4,37369.1,23707.4,22517.1,31303.6,14365.7,9509.0,47208.4,5852.3,22020.8,16526.0,16185.5,46743.4,21206.2,2416.9,10809.7,8288.9,7371.0,63777.6,3093.0,18024.2,10607.8,23608.4,5183.3,43163.6,16119.3,6561.9,11714.0,24017.9,23273.9,31382.1,8782.3,17525.1,11522.2,18302.3,2121.8,21797.2,11386.0,7670.5,16067.0,14397.0,14133.0,17848.6,42448.8,16294.3,6226.2,17790.9,44707.8,55523.2,16940.0,24349.7,24323.6,20503.6,12220.0,23633.3,3485.3,25151.2,14284.5,16565.8,16825.3,3368.4,10835.0,21375.3,4710.3,1594.8,17388.9,19478.8,28701.1,8381.8,29902.9,5781.8,20920.1,22696.7,6601.3,14077.0,16945.4,8544.8,11506.3,15677.0,6157.7,2619.0,23506.4,59532.8,20873.5,30338.7,5.0,17739.7,20926.4,21171.7,4738.1,7629.3,10793.9,9920.2,7368.0,7786.8,3401.8,31157.2,8799.8,948.4,24792.5,26614.0,18564.3,16957.4,0.0,16365.0,21269.2,14604.5,12912.5,22013.5,7989.6,26405.8,12377.8,23056.6,6466.3,26121.2,22879.6,5850.7,1873.3,37116.4
70494781,52486.0,11732.3,21009.8,21747.5,21411.0,21195.2,13409.1,13987.2,10628.0,32207.0,9696.3,9698.7,64866.2,39463.0,4737.1,16085.3,14197.8,6646.9,30949.0,14269.9,17584.0,14882.8,16034.8,19517.0,23311.4,49236.4,45765.7,14050.9,24613.1,32651.3,20957.2,26635.4,53396.4,57541.4,37036.6,9370.4,23327.2,14741.1,42948.0,17401.0,13284.4,21978.3,9536.2,8049.5,64125.1,6786.2,5000.2,14858.2,18419.6,4583.1,35701.4,40371.2,26709.5,36042.2,22056.1,3172.4,22816.6,65015.5,12121.0,35545.8,19528.1,33992.7,64550.6,34731.2,18507.3,28623.2,9848.1,25184.6,81584.8,18414.0,21026.3,11517.4,26610.5,15331.0,56688.6,14341.4,16336.2,14552.9,14770.5,36798.9,34384.2,19683.5,10119.3,29329.4,17918.4,21299.6,39604.4,29193.2,25775.3,11194.9,17399.1,17135.1,35655.7,55973.8,34107.9,14741.8,20793.0,47709.9,73330.4,4247.1,27351.8,27325.7,18725.6,6727.0,26635.4,18015.6,38676.2,4511.2,19567.9,9419.6,19745.6,11295.7,19597.4,14858.0,16385.5,14457.3,17700.8,42226.1,19283.0,47710.0,14843.5,38727.2,13449.2,17604.4,5229.3,14819.0,14039.4,14508.4,1201.3,18101.4,18198.5,12967.2,77340.0,19095.6,33340.8,20079.5,15961.8,38733.5,9356.7,22551.7,25739.8,23742.0,23227.8,25181.5,25915.7,18150.7,21909.8,21487.4,21628.3,12851.2,40139.1,13869.3,34771.0,20084.5,0.0,10038.5,14987.4,15914.6,20235.5,15109.6,17158.3,30185.0,26058.7,24576.8,39646.2,25881.7,23664.3,20017.8,50641.4
70494784,54048.9,12919.7,20900.9,20568.2,22973.9,20824.7,14596.5,10430.7,8858.8,36650.6,7908.7,7911.2,66429.1,41025.9,8860.1,17272.7,10641.4,8973.4,29639.2,10713.5,14027.5,16070.2,17222.2,20704.4,21938.2,53680.0,47328.6,10494.4,23303.3,37094.9,18385.0,24073.1,57840.0,59104.3,41480.2,10557.8,20755.0,11184.6,47391.6,13844.6,11341.6,23541.2,10723.6,8030.9,65688.0,9480.8,10298.7,11301.8,14863.2,8706.1,40145.0,37799.0,24137.3,40485.8,17520.5,11124.5,24004.0,66578.4,15556.5,39989.4,16955.9,35555.6,66113.5,39174.9,19694.7,25731.7,12550.0,23902.7,83147.7,19601.4,18454.1,12704.8,24048.2,16565.6,61132.2,10785.0,17523.6,15740.2,10234.9,41242.5,31821.9,20870.9,6662.8,30892.3,14361.9,21190.7,41167.3,30756.1,24202.1,7738.4,16210.8,15946.8,37218.6,60417.5,32798.1,15929.2,18220.8,45137.7,74893.3,5637.5,24779.6,24753.5,15169.2,8532.8,24063.2,19203.0,43119.9,8634.2,16995.7,5963.1,20933.0,12483.1,16041.0,17038.6,19906.1,11000.8,14144.4,46669.7,20470.3,49272.9,16030.9,40290.1,8913.7,18791.8,8932.3,11262.6,15226.8,15695.8,8190.6,19288.8,19385.9,4615.9,78902.9,15539.2,30778.5,21464.4,12405.4,40296.4,1528.8,21241.9,25598.6,24929.4,24415.2,23899.6,24318.5,19338.1,17374.2,22674.8,20738.7,3160.1,44582.7,13093.4,33461.2,21459.4,8610.3,0.0,11431.0,14726.3,16679.1,16297.0,12622.8,31747.9,23486.5,26139.7,44089.9,23956.2,22354.5,21580.7,55085.0
70494785,41299.9,8512.2,13475.5,13142.8,15590.8,13399.3,4415.0,5299.8,5630.6,28052.7,19404.8,19407.3,53680.1,26970.6,12322.1,10115.7,4569.2,18972.4,20862.2,4887.3,4469.5,7378.7,9674.0,9456.8,14390.0,45082.1,34579.6,4833.3,15755.2,28497.1,8826.9,14515.0,49242.2,46355.3,32882.4,6972.3,11197.0,4339.7,39843.4,4286.5,3042.4,16158.0,7399.6,6864.3,52939.0,19111.7,17325.7,129.2,5305.1,12168.1,31547.2,28240.9,14579.3,32937.6,17582.4,14133.1,12477.8,53829.4,14130.7,31391.6,7397.8,22927.2,53364.5,30577.0,12269.3,14205.4,13359.3,14748.9,70398.7,12053.3,8896.1,7100.5,14490.2,9017.4,53584.1,3188.4,9975.5,4779.3,10120.2,32644.7,22263.9,8920.9,7135.2,18554.7,4803.9,13765.3,27112.0,18315.9,15048.3,4588.4,4306.1,4042.1,24590.2,52869.3,24021.1,8381.1,8662.8,35579.7,62144.2,12664.5,15221.6,15195.4,5611.2,10552.3,14505.2,11777.6,35571.7,11948.8,7437.7,6435.5,13384.8,7327.6,6482.9,9490.4,12357.9,6575.1,4586.3,39121.6,10238.3,36523.9,8482.8,26234.9,13950.3,8751.3,11741.3,6131.6,7678.6,4986.6,15217.7,8988.3,11837.8,14760.0,66153.9,5981.1,21220.4,14039.0,2847.3,26241.2,10781.9,13693.8,18050.4,13403.1,12888.9,14745.8,15164.7,11789.9,17259.5,12265.6,13313.3,16046.1,37034.5,7130.0,24697.2,14034.0,14921.1,12522.8,0.0,3634.4,7121.1,6899.1,12508.0,18574.5,13928.4,17760.3,35492.0,14398.1,14806.4,14163.6,47536.9
70494786,39029.3,7688.0,11205.0,10872.2,13320.2,11128.7,3590.8,9128.9,8682.0,25782.2,22603.6,22606.1,51409.5,24700.0,12981.0,7845.2,10290.5,20785.0,18591.6,9411.7,10190.7,6531.9,8849.8,7186.2,12244.7,42811.6,32309.0,9192.6,13609.9,26226.5,6003.9,11682.1,46971.6,44084.7,30611.8,8833.5,8374.0,10061.0,37698.2,10007.8,4792.9,13887.5,8221.6,9027.1,50668.4,20924.3,19138.3,3288.8,11026.4,12827.0,29276.6,25417.9,11756.3,30792.3,25755.9,14792.0,10207.2,51558.9,13583.2,29121.0,4574.8,20656.6,51093.9,28306.4,9998.7,11934.8,14018.4,12478.3,68128.1,9908.0,6073.1,6276.2,11657.2,8193.2,51438.8,8030.1,9151.2,3955.0,18470.3,30374.1,19431.0,6038.1,10334.0,16284.2,6351.2,11494.7,24841.5,16045.3,12777.7,7977.8,2445.9,2181.8,22319.6,50724.0,21750.5,7556.8,5839.8,32756.7,59873.7,14120.6,12398.6,12372.4,11332.4,11211.3,11682.2,9507.1,31530.8,12607.8,4614.7,9634.3,11239.5,6503.4,12204.2,8666.1,12527.9,10404.3,10307.6,36976.3,6407.4,34253.3,7658.5,23964.3,17149.1,6480.8,12400.2,9960.7,6854.3,4162.4,18974.4,6717.7,9692.5,17958.8,63883.3,11702.4,18387.5,11768.5,8568.6,23970.6,13980.7,11548.5,15905.1,11132.6,10618.4,12475.2,12894.1,9644.6,25609.6,9995.0,11042.7,19244.9,34889.3,11579.7,22426.6,11763.5,15580.0,15721.6,3159.6,0.0,12842.3,6052.3,20858.2,16303.9,11105.4,16486.0,33221.4,10928.5,12661.1,11893.1,45391.6
70494788,51734.8,14364.8,21432.7,21099.9,23547.9,21356.4,13727.6,5795.3,10264.8,37182.4,17848.5,17850.9,64115.0,37405.5,16956.3,17804.4,5473.3,18913.1,30171.0,5848.8,3432.9,16602.0,17753.9,18817.7,22469.9,54211.7,45014.5,6122.3,23835.1,37626.7,13479.0,19167.1,58371.8,56790.2,42012.0,11606.5,15849.0,5741.4,47923.4,4740.7,10479.7,24115.2,12033.8,11498.5,63373.9,19420.6,21959.9,7640.8,2652.4,16802.3,40676.8,29847.4,15916.7,41017.5,15258.3,18767.3,21838.6,64264.3,18764.9,40521.2,12049.9,33252.8,63799.4,39706.6,20226.4,23566.3,17993.5,24109.8,80833.6,20133.2,13548.1,13235.4,19142.2,17097.3,61664.0,7822.6,18055.4,14140.2,7796.0,41774.3,26915.9,18281.7,11769.4,28589.5,9455.9,21722.4,37546.9,28453.3,24409.2,9222.6,12191.8,12428.3,34915.8,60949.2,33329.9,16461.0,13314.8,37186.2,72579.2,17298.7,16558.9,16532.8,6029.0,15186.5,15842.5,19734.8,43651.6,16583.0,12089.7,11069.7,21464.7,13014.8,1365.3,17570.3,20437.8,5538.2,5004.1,47201.5,19599.1,46958.8,16562.7,36669.8,8527.4,18112.2,16375.5,5311.7,15758.5,14299.3,19851.9,18349.2,19917.7,13203.7,76588.8,6398.9,25872.5,21996.2,5683.2,36676.1,15416.1,21773.7,26130.3,22764.0,22249.8,24106.7,24525.6,19869.8,14935.3,21626.5,21270.4,14489.8,45114.4,4805.8,33993.0,21991.2,19555.3,12950.7,7769.9,11404.4,0.0,16828.8,10183.9,27935.4,15353.6,25840.2,44621.6,14815.9,22886.3,22120.8,55616.8
70494791,36314.8,4762.1,6668.9,6336.1,8784.1,6592.6,2820.7,11008.4,8212.1,22421.1,21955.3,21957.8,48695.0,21985.5,11102.0,3309.0,11219.1,18905.9,15409.7,11291.2,13152.1,458.6,4086.8,5241.6,7708.6,39450.5,29594.6,11072.1,9073.8,22865.4,9978.2,15656.4,43610.5,41370.3,27250.7,6954.5,12348.3,11762.3,33162.1,12969.2,6098.3,9351.4,6342.6,8762.0,47953.9,19045.2,17259.3,6776.8,13987.8,10948.0,25915.5,29392.2,15730.6,26256.2,26605.1,12913.0,8262.6,48844.4,8853.0,25759.9,8549.1,18491.5,48379.5,24945.3,5462.6,9990.3,10514.9,8904.1,65413.7,5371.9,10047.4,4398.1,15631.5,3462.9,46902.7,9909.6,2202.3,2261.9,19319.5,27013.0,23405.3,4880.5,11315.3,13186.8,8360.0,6958.6,22127.0,12947.9,9203.5,9857.2,6420.2,6156.1,20154.5,46187.9,18568.6,2826.5,9814.1,36731.0,57159.2,12241.6,16372.9,16346.7,14293.8,9332.2,15656.5,4971.0,28890.3,10728.7,8589.0,10615.6,6703.4,4625.2,15165.6,3935.9,7991.8,12283.7,13269.0,32440.2,6023.1,31538.9,2895.5,21249.8,17998.3,2537.9,10521.2,11840.2,2124.1,3210.4,17095.4,3034.9,5156.4,18808.0,61168.8,14663.8,22361.8,7232.4,11530.0,21256.1,14961.9,7012.4,11369.0,9188.0,8673.8,8901.0,9319.9,5108.5,26458.8,6420.8,6506.6,20094.1,30353.1,13459.2,20482.1,7227.3,13701.0,16570.8,6647.7,4935.7,15803.7,0.0,21707.4,14359.3,15079.7,11949.9,29860.3,14902.8,8125.0,7357.0,40855.5
70521396,60498.9,19369.7,27350.9,27018.2,29423.9,27274.7,16375.2,7864.5,11565.3,43100.6,13160.4,13162.8,72879.1,47475.9,15310.1,23722.7,8796.9,14225.0,36089.3,8869.1,11279.1,22520.2,23672.2,21465.3,28388.2,60130.0,53778.6,8650.0,29753.4,43545.0,17781.8,23469.9,64290.1,65554.3,47930.2,12907.0,20151.9,9340.2,53841.6,12586.9,13127.3,29991.2,13334.2,14481.0,72138.0,14732.5,15982.8,11748.6,10269.2,15156.1,46595.0,37693.6,23762.9,46935.8,5297.4,17574.5,24486.2,73028.4,22006.5,46439.5,16352.7,42005.6,72563.5,45624.9,26144.7,26213.9,19000.0,30352.7,89597.7,26051.4,17850.9,19154.8,23445.0,23015.6,67582.2,11930.5,23973.6,16787.8,2556.8,47692.5,31218.8,20929.3,14490.3,37342.3,13758.8,27640.7,47617.3,37206.1,30652.1,10523.1,16494.6,16731.2,43668.6,66867.5,39248.1,22379.2,17617.7,45032.4,81343.3,13464.9,24405.1,24379.0,13875.2,14982.8,23688.7,25653.0,49569.9,15084.2,16392.6,13790.5,27383.0,18933.1,8842.4,23488.6,26356.1,7259.2,12850.3,53119.7,22246.7,55722.9,22480.9,46740.1,3839.3,20759.8,15382.3,7032.7,21676.8,16946.8,16018.1,20996.8,25835.9,8515.6,85352.9,14245.1,30175.3,27914.4,9616.4,46746.4,9626.6,27691.9,32048.6,25411.6,24897.4,30349.6,30768.5,25788.1,4974.5,24274.1,27188.7,9801.7,51032.7,5989.0,39911.3,27909.4,16437.7,8262.6,11877.8,16511.9,10324.1,22747.0,0.0,38197.9,23199.8,32589.7,50539.9,22662.1,28804.5,28030.7,61535.0
70521405,24679.8,18028.9,9308.1,11456.1,11222.9,9370.6,16416.3,23227.5,20431.2,16509.9,38239.6,38242.1,37060.0,10350.5,23321.1,11676.4,23438.2,35190.3,9319.4,23510.3,26231.1,13636.0,13174.2,10441.6,8838.0,32561.8,17959.5,23291.2,9571.0,16954.3,18127.1,18953.4,38180.9,29735.2,21339.5,19173.6,16984.1,23981.4,29199.7,26048.1,17939.1,11790.2,18561.7,20981.1,36318.9,35329.6,33543.6,18617.6,27066.7,23167.1,20004.3,34847.0,22851.5,22293.9,38824.3,25908.6,6571.3,37209.3,16574.2,19848.8,19816.3,6307.1,36744.4,19034.2,11290.6,4989.1,19010.8,6616.9,53778.6,9348.5,18196.2,16617.2,18928.5,15892.9,42475.8,22128.7,12571.2,14748.7,31538.6,21101.8,26702.2,10418.9,23534.4,1553.9,22391.5,8971.7,10491.9,1315.1,6916.3,22076.4,18260.9,17996.9,7970.1,42225.6,10133.7,15256.6,18269.2,43851.9,45524.2,24460.7,23493.8,23467.6,27372.8,24245.6,22777.4,10798.9,22258.5,22947.8,19856.1,22834.7,8882.7,16844.3,28244.5,16365.9,12822.1,24502.8,26347.9,28477.8,10018.3,19903.8,13773.6,9614.8,30217.4,11656.7,22740.3,24059.3,14554.1,15697.3,29744.7,10854.2,9681.3,31027.1,49533.8,27742.7,25658.8,11074.7,24608.9,9621.1,27181.0,8056.3,10984.4,4973.4,7809.8,6613.8,7032.7,8984.1,38677.9,7906.6,11336.9,32313.2,26390.8,25678.3,13154.4,11069.6,30432.7,28789.9,18488.4,16776.5,28882.7,13999.0,33926.5,0.0,22200.6,12122.8,23949.2,22023.7,9168.9,9886.9,36893.1
70525152,45299.4,17019.8,21983.1,21650.4,24098.4,21906.9,12922.6,15537.3,18875.5,37129.6,30339.4,30341.9,57679.6,30970.1,22312.8,18623.3,15215.4,30116.8,29939.0,15590.8,12043.5,15886.3,18181.6,17964.4,22897.6,53181.4,38579.1,15864.3,24262.8,37573.9,5003.5,10641.0,58800.5,50354.8,41959.2,18165.4,6424.3,15483.4,48351.0,13351.3,14124.7,24665.6,17553.4,20109.2,56938.5,30256.1,28470.1,12450.5,12394.4,22158.9,40624.0,14537.5,875.8,41445.2,27749.2,24123.9,17711.0,57829.0,22915.1,40468.4,6692.7,26926.7,57364.0,39653.8,20776.9,19970.5,23350.3,23256.5,74398.2,20560.8,5072.6,15608.1,10616.1,17525.0,63095.4,16433.3,18483.0,13286.9,20287.0,41721.5,18389.9,17548.2,20380.1,22173.5,10417.5,22272.9,31111.6,21934.7,23555.9,17833.3,9183.0,9419.5,28589.7,61376.9,30753.3,16888.6,5145.6,21876.2,66143.8,23452.4,1518.1,1492.0,10645.3,20543.1,801.7,20285.2,42878.2,21939.6,6732.5,19680.4,21892.4,15835.2,13572.2,17998.0,20865.5,16812.6,11675.6,47629.1,17850.6,40523.5,16990.3,30234.4,21018.3,17258.9,21732.1,16369.1,16186.2,13494.2,28306.2,17495.9,20345.3,25694.6,70153.4,10023.8,17346.4,22546.6,14293.9,30240.7,24026.7,22201.4,26558.0,21005.7,16302.6,23253.4,23672.3,20297.5,27426.3,20773.2,21820.9,26980.7,45542.1,17296.8,33774.0,22541.6,24911.8,25767.7,12321.3,12142.0,14210.3,15406.7,22674.8,22193.3,0.0,26267.9,44568.8,1158.2,23313.9,22671.2,56044.5
70535012,35406.3,15502.9,6928.7,7666.4,5030.5,7114.1,13890.3,20701.5,17905.2,14056.4,32697.0,32699.5,40396.3,21511.6,21140.8,9150.3,20912.1,29647.7,8767.4,20984.3,22845.2,11110.0,10503.9,9557.0,6321.1,31085.8,23272.4,20765.2,4488.9,14500.7,21438.4,27116.6,35245.8,33802.5,18886.0,16647.6,23808.4,21455.4,24797.4,22662.3,17923.9,4873.0,16035.7,18455.1,47045.4,29787.0,28001.0,18217.0,23680.9,20986.8,17550.8,40852.4,27190.8,17891.6,36298.2,20366.0,14905.9,40545.7,10498.1,17395.2,20009.3,14015.8,47470.9,16580.6,8689.6,12023.1,13498.1,6700.7,57156.6,6822.5,21507.5,14091.1,27091.7,13366.9,38538.0,19602.7,10045.2,15197.3,29012.6,18648.3,34865.4,11507.8,21008.4,12080.2,21785.7,6454.9,21273.7,11944.0,6223.3,19550.3,17880.3,17616.3,15678.8,37823.2,11926.3,12730.5,21274.3,48191.1,48902.2,21934.6,27833.0,27806.9,23986.9,18703.0,27116.6,8198.0,20525.6,20767.5,20049.1,20308.7,6365.8,14318.3,24858.7,12826.9,9032.4,21976.8,22962.1,24075.5,11107.2,21437.4,11247.6,20341.2,27691.4,10699.9,20560.0,21533.3,12028.1,14989.6,24202.1,9654.0,7155.2,28501.1,60260.3,24356.9,33822.0,8273.0,21223.1,20347.6,24655.0,5199.8,2672.4,12007.4,15317.0,6697.6,6187.4,6458.1,36151.9,10013.3,7547.2,29787.2,21988.5,23152.3,12044.6,8267.9,24890.1,26263.9,18087.8,16395.8,25496.8,11472.9,31400.5,12325.8,26539.9,0.0,21495.6,26362.9,3683.0,6272.6,32490.8
70544149,26063.3,34116.5,25322.8,26060.5,23424.7,25508.3,32504.0,39315.2,36518.9,9304.7,47958.7,47961.2,19792.1,18074.1,39534.9,27764.0,39525.8,44909.4,15358.2,39597.9,41458.9,29723.6,29261.9,27942.3,24934.8,10481.5,8221.3,39378.8,21816.0,9779.2,40804.3,41630.5,14641.6,12802.8,4026.5,35261.3,39661.3,40069.1,12389.8,41275.9,35481.1,23267.1,34649.3,37068.8,29425.5,45048.7,43262.7,36159.6,42294.5,39380.9,4382.0,57524.1,45528.7,10454.9,54911.9,38152.4,26910.5,19941.4,28892.2,5064.6,37931.9,20606.6,29851.0,5999.8,27083.7,25263.9,31783.8,23103.0,36552.4,25436.2,40873.4,32704.8,41605.7,31980.5,18936.4,38216.3,28658.9,32290.7,47626.3,3457.6,49379.4,27960.9,39622.0,23290.7,37742.8,25068.5,18215.6,23236.9,22625.5,38164.0,35803.0,35538.9,22269.6,19673.5,15921.9,31344.2,40946.4,66529.1,28297.9,40548.3,46170.9,46144.8,42600.6,37097.2,45454.5,26592.1,4527.5,39161.6,37971.8,38922.3,24979.4,32931.9,43472.3,31221.0,27426.5,40590.5,41575.7,13082.2,27560.3,6623.1,29861.2,18337.8,46305.0,29313.6,38954.1,40147.0,30641.7,33603.3,39463.8,28355.0,25768.9,47114.8,30814.4,42970.5,48336.0,26667.1,39836.7,18344.1,43268.6,23813.4,19276.4,24461.7,27321.6,23099.9,22589.6,25071.7,54765.6,25407.4,25941.3,48400.9,7181.5,41765.9,12617.8,26662.1,40151.8,44877.6,36030.5,34318.5,44110.5,30086.6,50014.1,24228.7,44877.8,22264.1,0.0,44700.9,21581.9,24666.7,12082.8
70548634,45458.5,17178.9,22142.3,21809.5,24257.5,22066.0,13081.7,14609.2,17947.3,37288.7,29411.2,29413.7,57838.7,31129.2,22472.0,18782.4,14287.2,30275.9,30098.1,14662.7,11115.4,16045.4,18340.7,18123.5,23056.7,53340.6,38738.3,14936.2,24421.9,37733.0,5162.6,10800.1,58959.7,50514.0,42118.3,19289.0,6583.4,14555.3,48510.2,12423.2,14283.8,24824.7,17712.6,19181.0,57097.7,30415.2,28629.2,15323.3,11466.3,22318.0,40783.1,14628.4,1070.0,41604.3,26821.1,24283.0,17870.1,57988.1,23074.2,40627.5,6851.8,27085.8,57523.2,39812.9,20936.0,20129.7,23509.4,23415.6,74557.4,20720.0,5231.8,15767.2,10775.3,17684.1,63254.5,15505.2,18642.2,13446.0,19358.8,41880.6,18549.0,17707.4,19452.0,22332.7,10576.6,22432.0,31270.7,22093.8,23715.0,16905.2,9342.1,9578.7,28748.8,61536.0,30912.4,17047.8,5304.7,21967.2,66302.9,23611.5,1712.2,1686.1,9717.2,20702.2,995.8,20444.3,43037.3,22098.7,6891.7,18752.2,22051.5,15994.4,12644.1,18157.1,21024.6,15884.5,10747.5,47788.3,18009.7,40682.6,17149.5,30393.5,20090.2,17418.0,21891.2,15441.0,16345.3,13653.3,28465.4,17655.0,20504.5,24766.5,70312.5,9095.7,17505.5,22705.8,13365.7,30399.8,23098.6,22360.5,26717.1,21164.8,16461.7,23412.5,23831.4,20456.6,26498.1,20932.3,21980.0,26052.6,45701.2,16368.6,33933.2,22700.7,25071.0,24839.5,12480.4,12301.2,13282.2,15565.8,21746.7,22352.4,1006.7,26427.0,44727.9,0.0,23473.1,22830.3,56203.6
70574708,33447.3,12059.6,4225.1,4962.8,2896.3,4410.6,12923.9,19735.1,16938.8,13963.0,30910.4,30912.9,40302.9,19118.0,19354.2,8183.9,19945.7,27861.1,8647.7,20017.9,21878.8,10143.6,7800.3,7778.8,4543.0,30992.3,23179.0,19798.8,2710.8,14407.3,20472.0,26150.1,35152.4,33709.0,18792.6,15681.2,22842.0,20489.0,24703.9,21695.8,16957.5,2274.6,15069.2,17488.7,45086.5,28000.4,26214.4,17250.5,22714.4,19200.2,17457.4,39886.0,26224.3,17798.1,35331.8,18579.4,13127.7,40452.3,8363.9,17301.8,19042.9,13896.1,45512.0,16487.2,5986.0,10245.0,11363.9,4922.6,57063.2,5044.4,20541.1,13124.7,26125.3,9315.6,38444.6,18636.2,9078.8,14230.9,28046.2,18554.9,33899.0,11299.2,20042.0,10302.1,20819.3,4514.9,19259.5,10165.9,4445.2,18583.9,16913.9,16649.9,15559.1,37729.8,11806.6,11764.1,20307.8,47224.7,48808.7,20968.2,26866.6,26840.5,23020.5,16916.4,26150.2,5494.4,20432.2,18980.9,19082.7,19342.2,4587.7,13351.9,23892.2,10692.7,6328.8,21010.4,21995.7,23982.1,10898.7,21343.9,10281.2,18382.3,26724.9,9118.2,18773.4,20566.9,11061.7,14023.2,22415.5,8674.6,5581.9,27534.7,58301.3,23390.4,32855.6,5569.4,20256.6,18388.6,23688.6,3421.7,3160.1,10229.3,13538.9,4919.5,4409.3,4680.0,35185.5,8235.2,4843.6,28820.8,21895.0,22185.8,11951.1,5564.4,23103.5,25297.5,17121.4,15429.4,24530.4,10506.5,30434.1,10547.7,25573.5,2978.8,21402.2,25396.5,0.0,3569.0,32397.4
70584255,33706.9,6434.0,1006.1,2127.8,2474.5,1191.5,10088.9,16900.1,14103.8,17856.0,28479.9,28482.4,46087.1,20683.9,16923.7,5348.9,17110.7,25430.6,12171.4,17182.9,19043.8,7308.6,4965.3,5773.8,2497.8,34885.4,26986.6,16963.8,5835.5,18300.4,17637.0,23315.2,39045.5,38762.3,22685.6,12846.2,20007.0,17654.0,28597.0,18860.8,14122.5,3041.8,12234.2,14653.7,45346.0,25569.9,23783.9,14415.5,19879.4,16769.7,21350.5,37051.0,23389.3,21691.2,33569.5,16148.9,10662.0,46236.5,6814.5,21194.9,16207.9,15213.6,45771.5,20380.3,3151.0,9845.6,9251.2,6407.0,62805.8,2876.1,17706.1,10289.7,23290.3,5977.7,42337.6,15801.2,6243.8,11395.9,26283.8,22448.0,31064.0,8464.2,17207.0,10550.3,17984.3,1295.8,20825.3,10414.2,6706.4,15748.9,14078.9,13814.9,16876.7,41622.9,15330.3,8929.1,17472.8,44389.7,54551.3,19205.9,24031.6,24005.5,20185.5,14486.0,23315.2,2659.4,24325.3,16550.4,16247.7,16507.2,2542.5,10516.9,21057.3,5504.7,2389.2,18175.4,19160.7,27875.1,8063.7,28931.0,7446.2,19948.2,24962.6,6283.2,16342.9,17731.9,8226.7,11188.2,19985.0,5839.6,2402.1,25772.3,58560.9,20555.4,30020.6,1456.2,17421.6,19954.5,20853.6,3774.1,6803.3,9829.9,11073.1,6403.9,6822.8,3184.9,33423.1,7835.8,861.5,27058.4,25788.1,19350.8,15844.2,1451.2,20673.0,23535.2,14286.4,12594.4,21695.4,7671.5,28671.7,11405.9,22738.5,5640.3,25295.3,22561.5,4721.7,0.0,36290.5
70587572,38800.3,45096.1,36302.4,37040.1,34404.2,36487.8,43483.5,50294.7,47498.4,20864.0,58938.3,58940.8,30190.4,34223.4,50514.5,38743.6,50505.4,55888.9,27496.8,50577.5,52438.4,40703.2,40241.4,39930.0,35914.3,18851.4,21837.6,50358.4,32795.6,24788.0,51031.6,53769.1,12489.5,21172.7,20642.1,46240.8,51799.8,51048.6,9991.9,52255.5,47517.1,34246.7,45628.9,48048.3,40513.5,56028.2,54242.3,47810.2,53274.1,50360.5,20063.2,69662.7,57667.3,15778.5,65891.4,49132.0,39049.1,30339.8,39871.8,20745.8,49602.5,32745.2,40939.0,19404.6,38063.3,39404.9,42763.4,34082.5,29729.7,36415.7,51100.7,43684.4,53744.3,42960.1,7979.5,49195.9,39638.4,44790.5,58605.8,20404.4,61518.0,41880.8,50601.6,35429.3,51378.9,36048.1,33985.5,35375.5,33605.1,49143.6,47473.5,47209.5,34408.2,7264.7,28060.5,42323.8,50867.5,78667.7,25130.0,51527.9,58309.5,58283.4,53580.1,48076.7,57593.1,37571.7,18163.9,50141.2,49642.4,49901.9,35959.0,43911.5,54451.9,42200.6,38406.1,51570.0,52555.3,10684.3,41480.3,20239.4,40840.8,35157.6,57284.6,40293.1,49933.7,51126.5,41621.3,44582.8,50443.3,39247.2,36748.5,58094.3,35573.4,53950.1,60474.6,37646.7,50816.3,35163.9,54248.2,34793.0,30256.0,36600.3,39460.2,34079.4,33569.2,36051.3,65745.1,37395.1,36920.9,59380.4,15614.1,52745.5,24756.4,37641.6,51131.4,55857.1,47681.0,45989.1,55090.0,41066.2,60993.7,36367.3,57016.4,33243.7,14972.2,56839.4,32561.5,35646.3,0.0
